[
{
  "model": "auth.user",
  "fields": {
    "password": "pbkdf2_sha256$600000$x9PtuICC1jiP8PxAws07tY$SOwHSI6QABgten4v2RgB6p6VqYz9iHUS0aZKWbk9lSo=",
    "last_login": "2023-09-25T13:02:50.527Z",
    "is_superuser": true,
    "username": "admin",
    "first_name": "",
    "last_name": "",
    "email": "",
    "is_staff": true,
    "is_active": true,
    "date_joined": "2023-09-25T13:01:23.642Z",
    "groups": [],
    "user_permissions": []
  }
},
{
  "model": "sites.site",
  "fields": {
    "domain": "example.com",
    "name": "example.com"
  }
},
{
  "model": "cms.treenode",
  "pk": 1,
  "fields": {
    "path": "0001",
    "depth": 1,
    "numchild": 0,
    "parent": null,
    "site": [
      "example.com"
    ]
  }
},
{
  "model": "cms.treenode",
  "pk": 2,
  "fields": {
    "path": "0002",
    "depth": 1,
    "numchild": 0,
    "parent": null,
    "site": [
      "example.com"
    ]
  }
},
{
  "model": "cms.treenode",
  "pk": 3,
  "fields": {
    "path": "0003",
    "depth": 1,
    "numchild": 0,
    "parent": null,
    "site": [
      "example.com"
    ]
  }
},
{
  "model": "cms.page",
  "pk": 1,
  "fields": {
    "created_by": "admin",
    "changed_by": "admin",
    "creation_date": "2023-09-25T13:03:10.290Z",
    "changed_date": "2023-09-25T13:03:15.886Z",
    "publication_date": "2023-09-25T13:03:10.297Z",
    "publication_end_date": null,
    "in_navigation": true,
    "soft_root": false,
    "reverse_id": null,
    "navigation_extenders": null,
    "template": "bootstrap5.html",
    "login_required": false,
    "limit_visibility_in_menu": null,
    "is_home": true,
    "application_urls": null,
    "application_namespace": null,
    "publisher_is_draft": true,
    "publisher_public": 2,
    "languages": "en",
    "xframe_options": 0,
    "is_page_type": false,
    "node": 1,
    "placeholders": [
      2
    ]
  }
},
{
  "model": "cms.page",
  "pk": 2,
  "fields": {
    "created_by": "admin",
    "changed_by": "admin",
    "creation_date": "2023-09-25T13:03:10.297Z",
    "changed_date": "2023-09-26T11:35:51.649Z",
    "publication_date": "2023-09-25T13:03:10.297Z",
    "publication_end_date": null,
    "in_navigation": true,
    "soft_root": false,
    "reverse_id": null,
    "navigation_extenders": null,
    "template": "bootstrap5.html",
    "login_required": false,
    "limit_visibility_in_menu": null,
    "is_home": true,
    "application_urls": null,
    "application_namespace": null,
    "publisher_is_draft": false,
    "publisher_public": 1,
    "languages": "en",
    "xframe_options": 0,
    "is_page_type": false,
    "node": 1,
    "placeholders": [
      3
    ]
  }
},
{
  "model": "cms.page",
  "pk": 3,
  "fields": {
    "created_by": "admin",
    "changed_by": "admin",
    "creation_date": "2023-09-26T11:16:02.023Z",
    "changed_date": "2023-09-26T11:16:11.055Z",
    "publication_date": "2023-09-26T11:21:36.228Z",
    "publication_end_date": null,
    "in_navigation": true,
    "soft_root": false,
    "reverse_id": null,
    "navigation_extenders": null,
    "template": "bootstrap5.html",
    "login_required": false,
    "limit_visibility_in_menu": null,
    "is_home": false,
    "application_urls": null,
    "application_namespace": null,
    "publisher_is_draft": true,
    "publisher_public": 6,
    "languages": "en",
    "xframe_options": 0,
    "is_page_type": false,
    "node": 2,
    "placeholders": [
      4
    ]
  }
},
{
  "model": "cms.page",
  "pk": 4,
  "fields": {
    "created_by": "admin",
    "changed_by": "admin",
    "creation_date": "2023-09-26T11:16:50.461Z",
    "changed_date": "2023-09-26T11:16:55.800Z",
    "publication_date": "2023-09-26T11:20:05.798Z",
    "publication_end_date": null,
    "in_navigation": true,
    "soft_root": false,
    "reverse_id": null,
    "navigation_extenders": null,
    "template": "bootstrap5.html",
    "login_required": false,
    "limit_visibility_in_menu": null,
    "is_home": false,
    "application_urls": null,
    "application_namespace": null,
    "publisher_is_draft": true,
    "publisher_public": 5,
    "languages": "en",
    "xframe_options": 0,
    "is_page_type": false,
    "node": 3,
    "placeholders": [
      5
    ]
  }
},
{
  "model": "cms.page",
  "pk": 5,
  "fields": {
    "created_by": "admin",
    "changed_by": "admin",
    "creation_date": "2023-09-26T11:20:05.798Z",
    "changed_date": "2023-09-26T11:36:33.770Z",
    "publication_date": "2023-09-26T11:20:05.798Z",
    "publication_end_date": null,
    "in_navigation": true,
    "soft_root": false,
    "reverse_id": null,
    "navigation_extenders": null,
    "template": "bootstrap5.html",
    "login_required": false,
    "limit_visibility_in_menu": null,
    "is_home": false,
    "application_urls": null,
    "application_namespace": null,
    "publisher_is_draft": false,
    "publisher_public": 4,
    "languages": "en",
    "xframe_options": 0,
    "is_page_type": false,
    "node": 3,
    "placeholders": [
      6
    ]
  }
},
{
  "model": "cms.page",
  "pk": 6,
  "fields": {
    "created_by": "admin",
    "changed_by": "admin",
    "creation_date": "2023-09-26T11:21:36.229Z",
    "changed_date": "2023-09-26T11:36:16.818Z",
    "publication_date": "2023-09-26T11:21:36.228Z",
    "publication_end_date": null,
    "in_navigation": true,
    "soft_root": false,
    "reverse_id": null,
    "navigation_extenders": null,
    "template": "bootstrap5.html",
    "login_required": false,
    "limit_visibility_in_menu": null,
    "is_home": false,
    "application_urls": null,
    "application_namespace": null,
    "publisher_is_draft": false,
    "publisher_public": 3,
    "languages": "en",
    "xframe_options": 0,
    "is_page_type": false,
    "node": 2,
    "placeholders": [
      7
    ]
  }
},
{
  "model": "cms.placeholder",
  "pk": 1,
  "fields": {
    "slot": "clipboard",
    "default_width": null
  }
},
{
  "model": "cms.placeholder",
  "pk": 2,
  "fields": {
    "slot": "Content",
    "default_width": null
  }
},
{
  "model": "cms.placeholder",
  "pk": 3,
  "fields": {
    "slot": "Content",
    "default_width": null
  }
},
{
  "model": "cms.placeholder",
  "pk": 4,
  "fields": {
    "slot": "Content",
    "default_width": null
  }
},
{
  "model": "cms.placeholder",
  "pk": 5,
  "fields": {
    "slot": "Content",
    "default_width": null
  }
},
{
  "model": "cms.placeholder",
  "pk": 6,
  "fields": {
    "slot": "Content",
    "default_width": null
  }
},
{
  "model": "cms.placeholder",
  "pk": 7,
  "fields": {
    "slot": "Content",
    "default_width": null
  }
},
{
  "model": "cms.cmsplugin",
  "pk": 1,
  "fields": {
    "path": "00020001",
    "depth": 2,
    "numchild": 0,
    "placeholder": 2,
    "parent": 2,
    "position": 0,
    "language": "en",
    "plugin_type": "TextPlugin",
    "creation_date": "2023-09-25T13:03:10.312Z",
    "changed_date": "2023-09-26T11:32:52.368Z"
  }
},
{
  "model": "cms.cmsplugin",
  "pk": 2,
  "fields": {
    "path": "0002",
    "depth": 1,
    "numchild": 3,
    "placeholder": 2,
    "parent": null,
    "position": 1,
    "language": "en",
    "plugin_type": "GridContainerPlugin",
    "creation_date": "2023-09-25T13:04:02.133Z",
    "changed_date": "2023-09-26T11:35:48.421Z"
  }
},
{
  "model": "cms.cmsplugin",
  "pk": 3,
  "fields": {
    "path": "0003",
    "depth": 1,
    "numchild": 0,
    "placeholder": null,
    "parent": null,
    "position": 0,
    "language": "",
    "plugin_type": "",
    "creation_date": "2023-09-25T13:05:40.809Z",
    "changed_date": "2023-09-25T13:05:40.858Z"
  }
},
{
  "model": "cms.cmsplugin",
  "pk": 4,
  "fields": {
    "path": "0004",
    "depth": 1,
    "numchild": 0,
    "placeholder": null,
    "parent": null,
    "position": 0,
    "language": "",
    "plugin_type": "",
    "creation_date": "2023-09-25T13:06:21.532Z",
    "changed_date": "2023-09-25T13:06:21.538Z"
  }
},
{
  "model": "cms.cmsplugin",
  "pk": 5,
  "fields": {
    "path": "00020002",
    "depth": 2,
    "numchild": 1,
    "placeholder": 2,
    "parent": 2,
    "position": 1,
    "language": "en",
    "plugin_type": "AlertPlugin",
    "creation_date": "2023-09-25T13:06:45.171Z",
    "changed_date": "2023-09-25T13:06:45.178Z"
  }
},
{
  "model": "cms.cmsplugin",
  "pk": 6,
  "fields": {
    "path": "000200020001",
    "depth": 3,
    "numchild": 0,
    "placeholder": 2,
    "parent": 5,
    "position": 0,
    "language": "en",
    "plugin_type": "OIDCHandoverDataPlugin",
    "creation_date": "2023-09-25T13:07:35.949Z",
    "changed_date": "2023-09-25T13:46:30.168Z"
  }
},
{
  "model": "cms.cmsplugin",
  "pk": 11,
  "fields": {
    "path": "00020005",
    "depth": 2,
    "numchild": 1,
    "placeholder": 2,
    "parent": 2,
    "position": 2,
    "language": "en",
    "plugin_type": "OIDCDisplayDedicatedContentPlugin",
    "creation_date": "2023-09-25T13:12:28.641Z",
    "changed_date": "2023-09-25T13:34:09.662Z"
  }
},
{
  "model": "cms.cmsplugin",
  "pk": 12,
  "fields": {
    "path": "00020005000D000B",
    "depth": 4,
    "numchild": 1,
    "placeholder": 2,
    "parent": 199,
    "position": 0,
    "language": "en",
    "plugin_type": "EditorNotePlugin",
    "creation_date": "2023-09-25T13:12:52.038Z",
    "changed_date": "2023-09-25T13:12:52.041Z"
  }
},
{
  "model": "cms.cmsplugin",
  "pk": 13,
  "fields": {
    "path": "00020005000D000B0001",
    "depth": 5,
    "numchild": 0,
    "placeholder": 2,
    "parent": 12,
    "position": 0,
    "language": "en",
    "plugin_type": "TextPlugin",
    "creation_date": "2023-09-25T13:12:56.122Z",
    "changed_date": "2023-09-25T13:34:24.276Z"
  }
},
{
  "model": "cms.cmsplugin",
  "pk": 14,
  "fields": {
    "path": "00020005000D0003",
    "depth": 4,
    "numchild": 0,
    "placeholder": 2,
    "parent": 199,
    "position": 8,
    "language": "en",
    "plugin_type": "OIDCListIdentifiersPlugin",
    "creation_date": "2023-09-25T13:16:24.960Z",
    "changed_date": "2023-09-25T13:16:24.971Z"
  }
},
{
  "model": "cms.cmsplugin",
  "pk": 15,
  "fields": {
    "path": "00020005000D000E000100020001",
    "depth": 7,
    "numchild": 0,
    "placeholder": 2,
    "parent": 18,
    "position": 0,
    "language": "en",
    "plugin_type": "OIDCShowAttributePlugin",
    "creation_date": "2023-09-25T13:16:46.641Z",
    "changed_date": "2023-09-25T13:22:20.107Z"
  }
},
{
  "model": "cms.cmsplugin",
  "pk": 16,
  "fields": {
    "path": "00020005000D000E0001",
    "depth": 5,
    "numchild": 2,
    "placeholder": 2,
    "parent": 369,
    "position": 0,
    "language": "en",
    "plugin_type": "GridRowPlugin",
    "creation_date": "2023-09-25T13:21:05.355Z",
    "changed_date": "2023-09-25T13:21:16.287Z"
  }
},
{
  "model": "cms.cmsplugin",
  "pk": 17,
  "fields": {
    "path": "00020005000D000E00010001",
    "depth": 6,
    "numchild": 1,
    "placeholder": 2,
    "parent": 16,
    "position": 0,
    "language": "en",
    "plugin_type": "GridColumnPlugin",
    "creation_date": "2023-09-25T13:21:16.288Z",
    "changed_date": "2023-09-25T13:21:16.289Z"
  }
},
{
  "model": "cms.cmsplugin",
  "pk": 18,
  "fields": {
    "path": "00020005000D000E00010002",
    "depth": 6,
    "numchild": 1,
    "placeholder": 2,
    "parent": 16,
    "position": 1,
    "language": "en",
    "plugin_type": "GridColumnPlugin",
    "creation_date": "2023-09-25T13:21:16.289Z",
    "changed_date": "2023-09-25T13:21:16.291Z"
  }
},
{
  "model": "cms.cmsplugin",
  "pk": 19,
  "fields": {
    "path": "00020005000D000E000100010001",
    "depth": 7,
    "numchild": 0,
    "placeholder": 2,
    "parent": 17,
    "position": 0,
    "language": "en",
    "plugin_type": "TextPlugin",
    "creation_date": "2023-09-25T13:21:29.335Z",
    "changed_date": "2023-09-25T13:21:36.142Z"
  }
},
{
  "model": "cms.cmsplugin",
  "pk": 25,
  "fields": {
    "path": "00020005000D000E0002",
    "depth": 5,
    "numchild": 2,
    "placeholder": 2,
    "parent": 369,
    "position": 1,
    "language": "en",
    "plugin_type": "GridRowPlugin",
    "creation_date": "2023-09-25T13:21:05.355Z",
    "changed_date": "2023-09-26T08:19:28.909Z"
  }
},
{
  "model": "cms.cmsplugin",
  "pk": 26,
  "fields": {
    "path": "00020005000D000E00020001",
    "depth": 6,
    "numchild": 1,
    "placeholder": 2,
    "parent": 25,
    "position": 0,
    "language": "en",
    "plugin_type": "GridColumnPlugin",
    "creation_date": "2023-09-25T13:21:16.288Z",
    "changed_date": "2023-09-25T13:22:33.087Z"
  }
},
{
  "model": "cms.cmsplugin",
  "pk": 27,
  "fields": {
    "path": "00020005000D000E000200010001",
    "depth": 7,
    "numchild": 0,
    "placeholder": 2,
    "parent": 26,
    "position": 0,
    "language": "en",
    "plugin_type": "TextPlugin",
    "creation_date": "2023-09-25T13:21:29.335Z",
    "changed_date": "2023-09-25T13:22:52.433Z"
  }
},
{
  "model": "cms.cmsplugin",
  "pk": 28,
  "fields": {
    "path": "00020005000D000E00020002",
    "depth": 6,
    "numchild": 1,
    "placeholder": 2,
    "parent": 25,
    "position": 1,
    "language": "en",
    "plugin_type": "GridColumnPlugin",
    "creation_date": "2023-09-25T13:21:16.289Z",
    "changed_date": "2023-09-25T13:22:33.105Z"
  }
},
{
  "model": "cms.cmsplugin",
  "pk": 29,
  "fields": {
    "path": "00020005000D000E000200020001",
    "depth": 7,
    "numchild": 0,
    "placeholder": 2,
    "parent": 28,
    "position": 0,
    "language": "en",
    "plugin_type": "OIDCShowAttributePlugin",
    "creation_date": "2023-09-25T13:16:46.641Z",
    "changed_date": "2023-09-25T13:23:03.422Z"
  }
},
{
  "model": "cms.cmsplugin",
  "pk": 30,
  "fields": {
    "path": "00020005000D0006",
    "depth": 4,
    "numchild": 0,
    "placeholder": 2,
    "parent": 199,
    "position": 3,
    "language": "en",
    "plugin_type": "TextPlugin",
    "creation_date": "2023-09-25T13:24:07.311Z",
    "changed_date": "2023-09-25T13:24:15.956Z"
  }
},
{
  "model": "cms.cmsplugin",
  "pk": 36,
  "fields": {
    "path": "00020005000D0007",
    "depth": 4,
    "numchild": 2,
    "placeholder": 2,
    "parent": 199,
    "position": 4,
    "language": "en",
    "plugin_type": "GridRowPlugin",
    "creation_date": "2023-09-25T13:21:05.355Z",
    "changed_date": "2023-09-25T13:24:34.069Z"
  }
},
{
  "model": "cms.cmsplugin",
  "pk": 37,
  "fields": {
    "path": "00020005000D00070001",
    "depth": 5,
    "numchild": 1,
    "placeholder": 2,
    "parent": 36,
    "position": 0,
    "language": "en",
    "plugin_type": "GridColumnPlugin",
    "creation_date": "2023-09-25T13:21:16.288Z",
    "changed_date": "2023-09-25T13:24:34.077Z"
  }
},
{
  "model": "cms.cmsplugin",
  "pk": 38,
  "fields": {
    "path": "00020005000D000700010001",
    "depth": 6,
    "numchild": 0,
    "placeholder": 2,
    "parent": 37,
    "position": 0,
    "language": "en",
    "plugin_type": "TextPlugin",
    "creation_date": "2023-09-25T13:21:29.335Z",
    "changed_date": "2023-09-25T13:24:56.937Z"
  }
},
{
  "model": "cms.cmsplugin",
  "pk": 39,
  "fields": {
    "path": "00020005000D00070002",
    "depth": 5,
    "numchild": 1,
    "placeholder": 2,
    "parent": 36,
    "position": 1,
    "language": "en",
    "plugin_type": "GridColumnPlugin",
    "creation_date": "2023-09-25T13:21:16.289Z",
    "changed_date": "2023-09-25T13:24:34.094Z"
  }
},
{
  "model": "cms.cmsplugin",
  "pk": 40,
  "fields": {
    "path": "00020005000D000700020001",
    "depth": 6,
    "numchild": 0,
    "placeholder": 2,
    "parent": 39,
    "position": 0,
    "language": "en",
    "plugin_type": "OIDCShowAttributePlugin",
    "creation_date": "2023-09-25T13:16:46.641Z",
    "changed_date": "2023-09-25T13:25:41.362Z"
  }
},
{
  "model": "cms.cmsplugin",
  "pk": 41,
  "fields": {
    "path": "00020005000D0008",
    "depth": 4,
    "numchild": 2,
    "placeholder": 2,
    "parent": 199,
    "position": 5,
    "language": "en",
    "plugin_type": "GridRowPlugin",
    "creation_date": "2023-09-25T13:21:05.355Z",
    "changed_date": "2023-09-25T13:24:39.796Z"
  }
},
{
  "model": "cms.cmsplugin",
  "pk": 42,
  "fields": {
    "path": "00020005000D00080001",
    "depth": 5,
    "numchild": 1,
    "placeholder": 2,
    "parent": 41,
    "position": 0,
    "language": "en",
    "plugin_type": "GridColumnPlugin",
    "creation_date": "2023-09-25T13:21:16.288Z",
    "changed_date": "2023-09-25T13:24:39.804Z"
  }
},
{
  "model": "cms.cmsplugin",
  "pk": 43,
  "fields": {
    "path": "00020005000D000800010001",
    "depth": 6,
    "numchild": 0,
    "placeholder": 2,
    "parent": 42,
    "position": 0,
    "language": "en",
    "plugin_type": "TextPlugin",
    "creation_date": "2023-09-25T13:21:29.335Z",
    "changed_date": "2023-09-25T13:25:03.592Z"
  }
},
{
  "model": "cms.cmsplugin",
  "pk": 44,
  "fields": {
    "path": "00020005000D00080002",
    "depth": 5,
    "numchild": 1,
    "placeholder": 2,
    "parent": 41,
    "position": 1,
    "language": "en",
    "plugin_type": "GridColumnPlugin",
    "creation_date": "2023-09-25T13:21:16.289Z",
    "changed_date": "2023-09-25T13:24:39.820Z"
  }
},
{
  "model": "cms.cmsplugin",
  "pk": 45,
  "fields": {
    "path": "00020005000D000800020001",
    "depth": 6,
    "numchild": 0,
    "placeholder": 2,
    "parent": 44,
    "position": 0,
    "language": "en",
    "plugin_type": "OIDCShowAttributePlugin",
    "creation_date": "2023-09-25T13:16:46.641Z",
    "changed_date": "2023-09-25T13:26:01.739Z"
  }
},
{
  "model": "cms.cmsplugin",
  "pk": 46,
  "fields": {
    "path": "00020005000D0009",
    "depth": 4,
    "numchild": 2,
    "placeholder": 2,
    "parent": 199,
    "position": 6,
    "language": "en",
    "plugin_type": "GridRowPlugin",
    "creation_date": "2023-09-25T13:21:05.355Z",
    "changed_date": "2023-09-25T13:24:43.852Z"
  }
},
{
  "model": "cms.cmsplugin",
  "pk": 47,
  "fields": {
    "path": "00020005000D00090001",
    "depth": 5,
    "numchild": 1,
    "placeholder": 2,
    "parent": 46,
    "position": 0,
    "language": "en",
    "plugin_type": "GridColumnPlugin",
    "creation_date": "2023-09-25T13:21:16.288Z",
    "changed_date": "2023-09-25T13:24:43.861Z"
  }
},
{
  "model": "cms.cmsplugin",
  "pk": 48,
  "fields": {
    "path": "00020005000D000900010001",
    "depth": 6,
    "numchild": 0,
    "placeholder": 2,
    "parent": 47,
    "position": 0,
    "language": "en",
    "plugin_type": "TextPlugin",
    "creation_date": "2023-09-25T13:21:29.335Z",
    "changed_date": "2023-09-25T13:25:12.677Z"
  }
},
{
  "model": "cms.cmsplugin",
  "pk": 49,
  "fields": {
    "path": "00020005000D00090002",
    "depth": 5,
    "numchild": 1,
    "placeholder": 2,
    "parent": 46,
    "position": 1,
    "language": "en",
    "plugin_type": "GridColumnPlugin",
    "creation_date": "2023-09-25T13:21:16.289Z",
    "changed_date": "2023-09-25T13:24:43.879Z"
  }
},
{
  "model": "cms.cmsplugin",
  "pk": 50,
  "fields": {
    "path": "00020005000D000900020001",
    "depth": 6,
    "numchild": 0,
    "placeholder": 2,
    "parent": 49,
    "position": 0,
    "language": "en",
    "plugin_type": "OIDCShowAttributePlugin",
    "creation_date": "2023-09-25T13:16:46.641Z",
    "changed_date": "2023-09-25T13:26:19.982Z"
  }
},
{
  "model": "cms.cmsplugin",
  "pk": 51,
  "fields": {
    "path": "00020005000D000A",
    "depth": 4,
    "numchild": 2,
    "placeholder": 2,
    "parent": 199,
    "position": 7,
    "language": "en",
    "plugin_type": "GridRowPlugin",
    "creation_date": "2023-09-25T13:21:05.355Z",
    "changed_date": "2023-09-25T13:24:48.185Z"
  }
},
{
  "model": "cms.cmsplugin",
  "pk": 52,
  "fields": {
    "path": "00020005000D000A0001",
    "depth": 5,
    "numchild": 1,
    "placeholder": 2,
    "parent": 51,
    "position": 0,
    "language": "en",
    "plugin_type": "GridColumnPlugin",
    "creation_date": "2023-09-25T13:21:16.288Z",
    "changed_date": "2023-09-25T13:24:48.193Z"
  }
},
{
  "model": "cms.cmsplugin",
  "pk": 53,
  "fields": {
    "path": "00020005000D000A00010001",
    "depth": 6,
    "numchild": 0,
    "placeholder": 2,
    "parent": 52,
    "position": 0,
    "language": "en",
    "plugin_type": "TextPlugin",
    "creation_date": "2023-09-25T13:21:29.335Z",
    "changed_date": "2023-09-25T13:25:20.662Z"
  }
},
{
  "model": "cms.cmsplugin",
  "pk": 54,
  "fields": {
    "path": "00020005000D000A0002",
    "depth": 5,
    "numchild": 1,
    "placeholder": 2,
    "parent": 51,
    "position": 1,
    "language": "en",
    "plugin_type": "GridColumnPlugin",
    "creation_date": "2023-09-25T13:21:16.289Z",
    "changed_date": "2023-09-25T13:26:45.448Z"
  }
},
{
  "model": "cms.cmsplugin",
  "pk": 56,
  "fields": {
    "path": "00020005000D000A00020001",
    "depth": 6,
    "numchild": 0,
    "placeholder": 2,
    "parent": 54,
    "position": 0,
    "language": "en",
    "plugin_type": "OIDCShowAttributeCountryPlugin",
    "creation_date": "2023-09-25T13:26:57.378Z",
    "changed_date": "2023-09-25T13:26:57.380Z"
  }
},
{
  "model": "cms.cmsplugin",
  "pk": 101,
  "fields": {
    "path": "00020005000D0001",
    "depth": 4,
    "numchild": 0,
    "placeholder": 2,
    "parent": 199,
    "position": 2,
    "language": "en",
    "plugin_type": "SpacingPlugin",
    "creation_date": "2023-09-25T13:29:24.432Z",
    "changed_date": "2023-09-25T13:29:48.200Z"
  }
},
{
  "model": "cms.cmsplugin",
  "pk": 198,
  "fields": {
    "path": "0007",
    "depth": 1,
    "numchild": 0,
    "placeholder": null,
    "parent": null,
    "position": 0,
    "language": "",
    "plugin_type": "",
    "creation_date": "2023-09-25T13:35:28.739Z",
    "changed_date": "2023-09-25T13:35:28.743Z"
  }
},
{
  "model": "cms.cmsplugin",
  "pk": 199,
  "fields": {
    "path": "00020005000D",
    "depth": 3,
    "numchild": 9,
    "placeholder": 2,
    "parent": 11,
    "position": 1,
    "language": "en",
    "plugin_type": "GridContainerPlugin",
    "creation_date": "2023-09-25T13:41:23.072Z",
    "changed_date": "2023-09-25T13:41:23.078Z"
  }
},
{
  "model": "cms.cmsplugin",
  "pk": 248,
  "fields": {
    "path": "00020005000D000E0003",
    "depth": 5,
    "numchild": 2,
    "placeholder": 2,
    "parent": 369,
    "position": 2,
    "language": "en",
    "plugin_type": "GridRowPlugin",
    "creation_date": "2023-09-26T08:12:49.536Z",
    "changed_date": "2023-09-26T08:19:08.124Z"
  }
},
{
  "model": "cms.cmsplugin",
  "pk": 249,
  "fields": {
    "path": "00020005000D000E00030001",
    "depth": 6,
    "numchild": 1,
    "placeholder": 2,
    "parent": 248,
    "position": 0,
    "language": "en",
    "plugin_type": "GridColumnPlugin",
    "creation_date": "2023-09-26T08:12:49.543Z",
    "changed_date": "2023-09-26T08:12:49.544Z"
  }
},
{
  "model": "cms.cmsplugin",
  "pk": 250,
  "fields": {
    "path": "00020005000D000E00030002",
    "depth": 6,
    "numchild": 1,
    "placeholder": 2,
    "parent": 248,
    "position": 1,
    "language": "en",
    "plugin_type": "GridColumnPlugin",
    "creation_date": "2023-09-26T08:12:49.544Z",
    "changed_date": "2023-09-26T08:12:49.546Z"
  }
},
{
  "model": "cms.cmsplugin",
  "pk": 251,
  "fields": {
    "path": "00020005000D000E000300010001",
    "depth": 7,
    "numchild": 0,
    "placeholder": 2,
    "parent": 249,
    "position": 0,
    "language": "en",
    "plugin_type": "TextPlugin",
    "creation_date": "2023-09-26T08:12:58.065Z",
    "changed_date": "2023-09-26T08:13:03.990Z"
  }
},
{
  "model": "cms.cmsplugin",
  "pk": 252,
  "fields": {
    "path": "00020005000D000E000300020001",
    "depth": 7,
    "numchild": 0,
    "placeholder": 2,
    "parent": 250,
    "position": 0,
    "language": "en",
    "plugin_type": "OIDCEmailField",
    "creation_date": "2023-09-26T08:18:36.018Z",
    "changed_date": "2023-09-26T08:20:10.960Z"
  }
},
{
  "model": "cms.cmsplugin",
  "pk": 306,
  "fields": {
    "path": "00020005000D000E0004",
    "depth": 5,
    "numchild": 2,
    "placeholder": 2,
    "parent": 369,
    "position": 3,
    "language": "en",
    "plugin_type": "GridRowPlugin",
    "creation_date": "2023-09-26T08:22:39.206Z",
    "changed_date": "2023-09-26T08:22:39.212Z"
  }
},
{
  "model": "cms.cmsplugin",
  "pk": 307,
  "fields": {
    "path": "00020005000D000E00040001",
    "depth": 6,
    "numchild": 1,
    "placeholder": 2,
    "parent": 306,
    "position": 0,
    "language": "en",
    "plugin_type": "GridColumnPlugin",
    "creation_date": "2023-09-26T08:22:39.212Z",
    "changed_date": "2023-09-26T08:22:39.213Z"
  }
},
{
  "model": "cms.cmsplugin",
  "pk": 308,
  "fields": {
    "path": "00020005000D000E00040002",
    "depth": 6,
    "numchild": 1,
    "placeholder": 2,
    "parent": 306,
    "position": 1,
    "language": "en",
    "plugin_type": "GridColumnPlugin",
    "creation_date": "2023-09-26T08:22:39.214Z",
    "changed_date": "2023-09-26T08:22:39.216Z"
  }
},
{
  "model": "cms.cmsplugin",
  "pk": 309,
  "fields": {
    "path": "00020005000D000E000400010001",
    "depth": 7,
    "numchild": 0,
    "placeholder": 2,
    "parent": 307,
    "position": 0,
    "language": "en",
    "plugin_type": "TextPlugin",
    "creation_date": "2023-09-26T08:22:48.729Z",
    "changed_date": "2023-09-26T08:22:55.152Z"
  }
},
{
  "model": "cms.cmsplugin",
  "pk": 310,
  "fields": {
    "path": "00020005000D000E000400020001",
    "depth": 7,
    "numchild": 0,
    "placeholder": 2,
    "parent": 308,
    "position": 0,
    "language": "en",
    "plugin_type": "OIDCPhoneField",
    "creation_date": "2023-09-26T08:23:27.994Z",
    "changed_date": "2023-09-26T08:23:27.997Z"
  }
},
{
  "model": "cms.cmsplugin",
  "pk": 369,
  "fields": {
    "path": "00020005000D000E",
    "depth": 4,
    "numchild": 4,
    "placeholder": 2,
    "parent": 199,
    "position": 1,
    "language": "en",
    "plugin_type": "OIDCFormPlugin",
    "creation_date": "2023-09-26T11:14:28.781Z",
    "changed_date": "2023-09-26T11:14:53.845Z"
  }
},
{
  "model": "cms.cmsplugin",
  "pk": 429,
  "fields": {
    "path": "0009",
    "depth": 1,
    "numchild": 2,
    "placeholder": 5,
    "parent": null,
    "position": 0,
    "language": "en",
    "plugin_type": "GridContainerPlugin",
    "creation_date": "2023-09-26T11:17:28.173Z",
    "changed_date": "2023-09-26T11:36:32.219Z"
  }
},
{
  "model": "cms.cmsplugin",
  "pk": 431,
  "fields": {
    "path": "00090001",
    "depth": 2,
    "numchild": 0,
    "placeholder": 5,
    "parent": 429,
    "position": 0,
    "language": "en",
    "plugin_type": "TextPlugin",
    "creation_date": "2023-09-25T13:28:06.134Z",
    "changed_date": "2023-09-26T11:30:33.260Z"
  }
},
{
  "model": "cms.cmsplugin",
  "pk": 434,
  "fields": {
    "path": "00090002",
    "depth": 2,
    "numchild": 1,
    "placeholder": 5,
    "parent": 429,
    "position": 1,
    "language": "en",
    "plugin_type": "AlertPlugin",
    "creation_date": "2023-09-25T13:30:45.943Z",
    "changed_date": "2023-09-26T11:18:48.795Z"
  }
},
{
  "model": "cms.cmsplugin",
  "pk": 435,
  "fields": {
    "path": "000900020001",
    "depth": 3,
    "numchild": 0,
    "placeholder": 5,
    "parent": 434,
    "position": 0,
    "language": "en",
    "plugin_type": "OIDCHandoverDataPlugin",
    "creation_date": "2023-09-25T13:31:51.549Z",
    "changed_date": "2023-09-26T11:18:48.805Z"
  }
},
{
  "model": "cms.cmsplugin",
  "pk": 440,
  "fields": {
    "path": "000C",
    "depth": 1,
    "numchild": 3,
    "placeholder": 4,
    "parent": null,
    "position": 0,
    "language": "en",
    "plugin_type": "GridContainerPlugin",
    "creation_date": "2023-09-26T11:20:37.095Z",
    "changed_date": "2023-09-26T11:36:14.803Z"
  }
},
{
  "model": "cms.cmsplugin",
  "pk": 443,
  "fields": {
    "path": "000C0001",
    "depth": 2,
    "numchild": 1,
    "placeholder": 4,
    "parent": 440,
    "position": 1,
    "language": "en",
    "plugin_type": "EditorNotePlugin",
    "creation_date": "2023-09-25T13:09:03.859Z",
    "changed_date": "2023-09-26T11:20:59.150Z"
  }
},
{
  "model": "cms.cmsplugin",
  "pk": 444,
  "fields": {
    "path": "000C00010001",
    "depth": 3,
    "numchild": 0,
    "placeholder": 4,
    "parent": 443,
    "position": 0,
    "language": "en",
    "plugin_type": "TextPlugin",
    "creation_date": "2023-09-25T13:09:08.918Z",
    "changed_date": "2023-09-26T11:20:59.169Z"
  }
},
{
  "model": "cms.cmsplugin",
  "pk": 445,
  "fields": {
    "path": "000D",
    "depth": 1,
    "numchild": 1,
    "placeholder": 1,
    "parent": null,
    "position": 3,
    "language": "en",
    "plugin_type": "AlertPlugin",
    "creation_date": "2023-09-25T13:07:55.432Z",
    "changed_date": "2023-09-26T11:21:06.627Z"
  }
},
{
  "model": "cms.cmsplugin",
  "pk": 446,
  "fields": {
    "path": "000D0001",
    "depth": 2,
    "numchild": 0,
    "placeholder": 1,
    "parent": 445,
    "position": 0,
    "language": "en",
    "plugin_type": "OIDCLoginPlugin",
    "creation_date": "2023-09-25T13:08:44.122Z",
    "changed_date": "2023-09-26T11:21:06.635Z"
  }
},
{
  "model": "cms.cmsplugin",
  "pk": 447,
  "fields": {
    "path": "000C0002",
    "depth": 2,
    "numchild": 1,
    "placeholder": 4,
    "parent": 440,
    "position": 2,
    "language": "en",
    "plugin_type": "AlertPlugin",
    "creation_date": "2023-09-25T13:07:55.432Z",
    "changed_date": "2023-09-26T11:21:10.270Z"
  }
},
{
  "model": "cms.cmsplugin",
  "pk": 448,
  "fields": {
    "path": "000C00020001",
    "depth": 3,
    "numchild": 0,
    "placeholder": 4,
    "parent": 447,
    "position": 0,
    "language": "en",
    "plugin_type": "OIDCLoginPlugin",
    "creation_date": "2023-09-25T13:08:44.122Z",
    "changed_date": "2023-09-26T11:21:10.279Z"
  }
},
{
  "model": "cms.cmsplugin",
  "pk": 454,
  "fields": {
    "path": "000C0003",
    "depth": 2,
    "numchild": 0,
    "placeholder": 4,
    "parent": 440,
    "position": 0,
    "language": "en",
    "plugin_type": "TextPlugin",
    "creation_date": "2023-09-26T11:22:02.618Z",
    "changed_date": "2023-09-26T11:29:48.408Z"
  }
},
{
  "model": "cms.cmsplugin",
  "pk": 517,
  "fields": {
    "path": "000G",
    "depth": 1,
    "numchild": 3,
    "placeholder": 3,
    "parent": null,
    "position": 1,
    "language": "en",
    "plugin_type": "GridContainerPlugin",
    "creation_date": "2023-09-25T13:04:02.133Z",
    "changed_date": "2023-09-26T11:35:51.827Z"
  }
},
{
  "model": "cms.cmsplugin",
  "pk": 518,
  "fields": {
    "path": "000G0001",
    "depth": 2,
    "numchild": 0,
    "placeholder": 3,
    "parent": 517,
    "position": 0,
    "language": "en",
    "plugin_type": "TextPlugin",
    "creation_date": "2023-09-25T13:03:10.312Z",
    "changed_date": "2023-09-26T11:35:51.951Z"
  }
},
{
  "model": "cms.cmsplugin",
  "pk": 519,
  "fields": {
    "path": "000G0002",
    "depth": 2,
    "numchild": 1,
    "placeholder": 3,
    "parent": 517,
    "position": 1,
    "language": "en",
    "plugin_type": "AlertPlugin",
    "creation_date": "2023-09-25T13:06:45.171Z",
    "changed_date": "2023-09-26T11:35:51.833Z"
  }
},
{
  "model": "cms.cmsplugin",
  "pk": 520,
  "fields": {
    "path": "000G00020001",
    "depth": 3,
    "numchild": 0,
    "placeholder": 3,
    "parent": 519,
    "position": 0,
    "language": "en",
    "plugin_type": "OIDCHandoverDataPlugin",
    "creation_date": "2023-09-25T13:07:35.949Z",
    "changed_date": "2023-09-26T11:35:51.835Z"
  }
},
{
  "model": "cms.cmsplugin",
  "pk": 521,
  "fields": {
    "path": "000G0003",
    "depth": 2,
    "numchild": 1,
    "placeholder": 3,
    "parent": 517,
    "position": 2,
    "language": "en",
    "plugin_type": "OIDCDisplayDedicatedContentPlugin",
    "creation_date": "2023-09-25T13:12:28.641Z",
    "changed_date": "2023-09-26T11:35:51.837Z"
  }
},
{
  "model": "cms.cmsplugin",
  "pk": 522,
  "fields": {
    "path": "000G00030001",
    "depth": 3,
    "numchild": 9,
    "placeholder": 3,
    "parent": 521,
    "position": 1,
    "language": "en",
    "plugin_type": "GridContainerPlugin",
    "creation_date": "2023-09-25T13:41:23.072Z",
    "changed_date": "2023-09-26T11:35:51.840Z"
  }
},
{
  "model": "cms.cmsplugin",
  "pk": 523,
  "fields": {
    "path": "000G000300010001",
    "depth": 4,
    "numchild": 0,
    "placeholder": 3,
    "parent": 522,
    "position": 2,
    "language": "en",
    "plugin_type": "SpacingPlugin",
    "creation_date": "2023-09-25T13:29:24.432Z",
    "changed_date": "2023-09-26T11:35:51.841Z"
  }
},
{
  "model": "cms.cmsplugin",
  "pk": 524,
  "fields": {
    "path": "000G000300010002",
    "depth": 4,
    "numchild": 0,
    "placeholder": 3,
    "parent": 522,
    "position": 8,
    "language": "en",
    "plugin_type": "OIDCListIdentifiersPlugin",
    "creation_date": "2023-09-26T11:35:51.842Z",
    "changed_date": "2023-09-26T11:35:51.844Z"
  }
},
{
  "model": "cms.cmsplugin",
  "pk": 525,
  "fields": {
    "path": "000G000300010003",
    "depth": 4,
    "numchild": 0,
    "placeholder": 3,
    "parent": 522,
    "position": 3,
    "language": "en",
    "plugin_type": "TextPlugin",
    "creation_date": "2023-09-25T13:24:07.311Z",
    "changed_date": "2023-09-26T11:35:51.957Z"
  }
},
{
  "model": "cms.cmsplugin",
  "pk": 526,
  "fields": {
    "path": "000G000300010004",
    "depth": 4,
    "numchild": 2,
    "placeholder": 3,
    "parent": 522,
    "position": 4,
    "language": "en",
    "plugin_type": "GridRowPlugin",
    "creation_date": "2023-09-25T13:21:05.355Z",
    "changed_date": "2023-09-26T11:35:51.851Z"
  }
},
{
  "model": "cms.cmsplugin",
  "pk": 527,
  "fields": {
    "path": "000G0003000100040001",
    "depth": 5,
    "numchild": 1,
    "placeholder": 3,
    "parent": 526,
    "position": 0,
    "language": "en",
    "plugin_type": "GridColumnPlugin",
    "creation_date": "2023-09-25T13:21:16.288Z",
    "changed_date": "2023-09-26T11:35:51.852Z"
  }
},
{
  "model": "cms.cmsplugin",
  "pk": 528,
  "fields": {
    "path": "000G00030001000400010001",
    "depth": 6,
    "numchild": 0,
    "placeholder": 3,
    "parent": 527,
    "position": 0,
    "language": "en",
    "plugin_type": "TextPlugin",
    "creation_date": "2023-09-25T13:21:29.335Z",
    "changed_date": "2023-09-26T11:35:51.962Z"
  }
},
{
  "model": "cms.cmsplugin",
  "pk": 529,
  "fields": {
    "path": "000G0003000100040002",
    "depth": 5,
    "numchild": 1,
    "placeholder": 3,
    "parent": 526,
    "position": 1,
    "language": "en",
    "plugin_type": "GridColumnPlugin",
    "creation_date": "2023-09-25T13:21:16.289Z",
    "changed_date": "2023-09-26T11:35:51.858Z"
  }
},
{
  "model": "cms.cmsplugin",
  "pk": 530,
  "fields": {
    "path": "000G00030001000400020001",
    "depth": 6,
    "numchild": 0,
    "placeholder": 3,
    "parent": 529,
    "position": 0,
    "language": "en",
    "plugin_type": "OIDCShowAttributePlugin",
    "creation_date": "2023-09-25T13:16:46.641Z",
    "changed_date": "2023-09-26T11:35:51.860Z"
  }
},
{
  "model": "cms.cmsplugin",
  "pk": 531,
  "fields": {
    "path": "000G000300010005",
    "depth": 4,
    "numchild": 2,
    "placeholder": 3,
    "parent": 522,
    "position": 5,
    "language": "en",
    "plugin_type": "GridRowPlugin",
    "creation_date": "2023-09-25T13:21:05.355Z",
    "changed_date": "2023-09-26T11:35:51.863Z"
  }
},
{
  "model": "cms.cmsplugin",
  "pk": 532,
  "fields": {
    "path": "000G0003000100050001",
    "depth": 5,
    "numchild": 1,
    "placeholder": 3,
    "parent": 531,
    "position": 0,
    "language": "en",
    "plugin_type": "GridColumnPlugin",
    "creation_date": "2023-09-25T13:21:16.288Z",
    "changed_date": "2023-09-26T11:35:51.864Z"
  }
},
{
  "model": "cms.cmsplugin",
  "pk": 533,
  "fields": {
    "path": "000G00030001000500010001",
    "depth": 6,
    "numchild": 0,
    "placeholder": 3,
    "parent": 532,
    "position": 0,
    "language": "en",
    "plugin_type": "TextPlugin",
    "creation_date": "2023-09-25T13:21:29.335Z",
    "changed_date": "2023-09-26T11:35:51.967Z"
  }
},
{
  "model": "cms.cmsplugin",
  "pk": 534,
  "fields": {
    "path": "000G0003000100050002",
    "depth": 5,
    "numchild": 1,
    "placeholder": 3,
    "parent": 531,
    "position": 1,
    "language": "en",
    "plugin_type": "GridColumnPlugin",
    "creation_date": "2023-09-25T13:21:16.289Z",
    "changed_date": "2023-09-26T11:35:51.870Z"
  }
},
{
  "model": "cms.cmsplugin",
  "pk": 535,
  "fields": {
    "path": "000G00030001000500020001",
    "depth": 6,
    "numchild": 0,
    "placeholder": 3,
    "parent": 534,
    "position": 0,
    "language": "en",
    "plugin_type": "OIDCShowAttributePlugin",
    "creation_date": "2023-09-25T13:16:46.641Z",
    "changed_date": "2023-09-26T11:35:51.872Z"
  }
},
{
  "model": "cms.cmsplugin",
  "pk": 536,
  "fields": {
    "path": "000G000300010006",
    "depth": 4,
    "numchild": 2,
    "placeholder": 3,
    "parent": 522,
    "position": 6,
    "language": "en",
    "plugin_type": "GridRowPlugin",
    "creation_date": "2023-09-25T13:21:05.355Z",
    "changed_date": "2023-09-26T11:35:51.875Z"
  }
},
{
  "model": "cms.cmsplugin",
  "pk": 537,
  "fields": {
    "path": "000G0003000100060001",
    "depth": 5,
    "numchild": 1,
    "placeholder": 3,
    "parent": 536,
    "position": 0,
    "language": "en",
    "plugin_type": "GridColumnPlugin",
    "creation_date": "2023-09-25T13:21:16.288Z",
    "changed_date": "2023-09-26T11:35:51.876Z"
  }
},
{
  "model": "cms.cmsplugin",
  "pk": 538,
  "fields": {
    "path": "000G00030001000600010001",
    "depth": 6,
    "numchild": 0,
    "placeholder": 3,
    "parent": 537,
    "position": 0,
    "language": "en",
    "plugin_type": "TextPlugin",
    "creation_date": "2023-09-25T13:21:29.335Z",
    "changed_date": "2023-09-26T11:35:51.972Z"
  }
},
{
  "model": "cms.cmsplugin",
  "pk": 539,
  "fields": {
    "path": "000G0003000100060002",
    "depth": 5,
    "numchild": 1,
    "placeholder": 3,
    "parent": 536,
    "position": 1,
    "language": "en",
    "plugin_type": "GridColumnPlugin",
    "creation_date": "2023-09-25T13:21:16.289Z",
    "changed_date": "2023-09-26T11:35:51.882Z"
  }
},
{
  "model": "cms.cmsplugin",
  "pk": 540,
  "fields": {
    "path": "000G00030001000600020001",
    "depth": 6,
    "numchild": 0,
    "placeholder": 3,
    "parent": 539,
    "position": 0,
    "language": "en",
    "plugin_type": "OIDCShowAttributePlugin",
    "creation_date": "2023-09-25T13:16:46.641Z",
    "changed_date": "2023-09-26T11:35:51.883Z"
  }
},
{
  "model": "cms.cmsplugin",
  "pk": 541,
  "fields": {
    "path": "000G000300010007",
    "depth": 4,
    "numchild": 2,
    "placeholder": 3,
    "parent": 522,
    "position": 7,
    "language": "en",
    "plugin_type": "GridRowPlugin",
    "creation_date": "2023-09-25T13:21:05.355Z",
    "changed_date": "2023-09-26T11:35:51.886Z"
  }
},
{
  "model": "cms.cmsplugin",
  "pk": 542,
  "fields": {
    "path": "000G0003000100070001",
    "depth": 5,
    "numchild": 1,
    "placeholder": 3,
    "parent": 541,
    "position": 0,
    "language": "en",
    "plugin_type": "GridColumnPlugin",
    "creation_date": "2023-09-25T13:21:16.288Z",
    "changed_date": "2023-09-26T11:35:51.888Z"
  }
},
{
  "model": "cms.cmsplugin",
  "pk": 543,
  "fields": {
    "path": "000G00030001000700010001",
    "depth": 6,
    "numchild": 0,
    "placeholder": 3,
    "parent": 542,
    "position": 0,
    "language": "en",
    "plugin_type": "TextPlugin",
    "creation_date": "2023-09-25T13:21:29.335Z",
    "changed_date": "2023-09-26T11:35:51.977Z"
  }
},
{
  "model": "cms.cmsplugin",
  "pk": 544,
  "fields": {
    "path": "000G0003000100070002",
    "depth": 5,
    "numchild": 1,
    "placeholder": 3,
    "parent": 541,
    "position": 1,
    "language": "en",
    "plugin_type": "GridColumnPlugin",
    "creation_date": "2023-09-25T13:21:16.289Z",
    "changed_date": "2023-09-26T11:35:51.894Z"
  }
},
{
  "model": "cms.cmsplugin",
  "pk": 545,
  "fields": {
    "path": "000G00030001000700020001",
    "depth": 6,
    "numchild": 0,
    "placeholder": 3,
    "parent": 544,
    "position": 0,
    "language": "en",
    "plugin_type": "OIDCShowAttributeCountryPlugin",
    "creation_date": "2023-09-25T13:26:57.378Z",
    "changed_date": "2023-09-26T11:35:51.895Z"
  }
},
{
  "model": "cms.cmsplugin",
  "pk": 546,
  "fields": {
    "path": "000G000300010008",
    "depth": 4,
    "numchild": 1,
    "placeholder": 3,
    "parent": 522,
    "position": 0,
    "language": "en",
    "plugin_type": "EditorNotePlugin",
    "creation_date": "2023-09-26T11:35:51.896Z",
    "changed_date": "2023-09-26T11:35:51.898Z"
  }
},
{
  "model": "cms.cmsplugin",
  "pk": 547,
  "fields": {
    "path": "000G0003000100080001",
    "depth": 5,
    "numchild": 0,
    "placeholder": 3,
    "parent": 546,
    "position": 0,
    "language": "en",
    "plugin_type": "TextPlugin",
    "creation_date": "2023-09-25T13:12:56.122Z",
    "changed_date": "2023-09-26T11:35:51.982Z"
  }
},
{
  "model": "cms.cmsplugin",
  "pk": 548,
  "fields": {
    "path": "000G000300010009",
    "depth": 4,
    "numchild": 4,
    "placeholder": 3,
    "parent": 522,
    "position": 1,
    "language": "en",
    "plugin_type": "OIDCFormPlugin",
    "creation_date": "2023-09-26T11:14:28.781Z",
    "changed_date": "2023-09-26T11:35:51.902Z"
  }
},
{
  "model": "cms.cmsplugin",
  "pk": 549,
  "fields": {
    "path": "000G0003000100090001",
    "depth": 5,
    "numchild": 2,
    "placeholder": 3,
    "parent": 548,
    "position": 0,
    "language": "en",
    "plugin_type": "GridRowPlugin",
    "creation_date": "2023-09-25T13:21:05.355Z",
    "changed_date": "2023-09-26T11:35:51.905Z"
  }
},
{
  "model": "cms.cmsplugin",
  "pk": 550,
  "fields": {
    "path": "000G00030001000900010001",
    "depth": 6,
    "numchild": 1,
    "placeholder": 3,
    "parent": 549,
    "position": 0,
    "language": "en",
    "plugin_type": "GridColumnPlugin",
    "creation_date": "2023-09-25T13:21:16.288Z",
    "changed_date": "2023-09-26T11:35:51.907Z"
  }
},
{
  "model": "cms.cmsplugin",
  "pk": 551,
  "fields": {
    "path": "000G000300010009000100010001",
    "depth": 7,
    "numchild": 0,
    "placeholder": 3,
    "parent": 550,
    "position": 0,
    "language": "en",
    "plugin_type": "TextPlugin",
    "creation_date": "2023-09-25T13:21:29.335Z",
    "changed_date": "2023-09-26T11:35:51.987Z"
  }
},
{
  "model": "cms.cmsplugin",
  "pk": 552,
  "fields": {
    "path": "000G00030001000900010002",
    "depth": 6,
    "numchild": 1,
    "placeholder": 3,
    "parent": 549,
    "position": 1,
    "language": "en",
    "plugin_type": "GridColumnPlugin",
    "creation_date": "2023-09-25T13:21:16.289Z",
    "changed_date": "2023-09-26T11:35:51.913Z"
  }
},
{
  "model": "cms.cmsplugin",
  "pk": 553,
  "fields": {
    "path": "000G000300010009000100020001",
    "depth": 7,
    "numchild": 0,
    "placeholder": 3,
    "parent": 552,
    "position": 0,
    "language": "en",
    "plugin_type": "OIDCShowAttributePlugin",
    "creation_date": "2023-09-25T13:16:46.641Z",
    "changed_date": "2023-09-26T11:35:51.914Z"
  }
},
{
  "model": "cms.cmsplugin",
  "pk": 554,
  "fields": {
    "path": "000G0003000100090002",
    "depth": 5,
    "numchild": 2,
    "placeholder": 3,
    "parent": 548,
    "position": 1,
    "language": "en",
    "plugin_type": "GridRowPlugin",
    "creation_date": "2023-09-25T13:21:05.355Z",
    "changed_date": "2023-09-26T11:35:51.917Z"
  }
},
{
  "model": "cms.cmsplugin",
  "pk": 555,
  "fields": {
    "path": "000G00030001000900020001",
    "depth": 6,
    "numchild": 1,
    "placeholder": 3,
    "parent": 554,
    "position": 0,
    "language": "en",
    "plugin_type": "GridColumnPlugin",
    "creation_date": "2023-09-25T13:21:16.288Z",
    "changed_date": "2023-09-26T11:35:51.919Z"
  }
},
{
  "model": "cms.cmsplugin",
  "pk": 556,
  "fields": {
    "path": "000G000300010009000200010001",
    "depth": 7,
    "numchild": 0,
    "placeholder": 3,
    "parent": 555,
    "position": 0,
    "language": "en",
    "plugin_type": "TextPlugin",
    "creation_date": "2023-09-25T13:21:29.335Z",
    "changed_date": "2023-09-26T11:35:51.994Z"
  }
},
{
  "model": "cms.cmsplugin",
  "pk": 557,
  "fields": {
    "path": "000G00030001000900020002",
    "depth": 6,
    "numchild": 1,
    "placeholder": 3,
    "parent": 554,
    "position": 1,
    "language": "en",
    "plugin_type": "GridColumnPlugin",
    "creation_date": "2023-09-25T13:21:16.289Z",
    "changed_date": "2023-09-26T11:35:51.924Z"
  }
},
{
  "model": "cms.cmsplugin",
  "pk": 558,
  "fields": {
    "path": "000G000300010009000200020001",
    "depth": 7,
    "numchild": 0,
    "placeholder": 3,
    "parent": 557,
    "position": 0,
    "language": "en",
    "plugin_type": "OIDCShowAttributePlugin",
    "creation_date": "2023-09-25T13:16:46.641Z",
    "changed_date": "2023-09-26T11:35:51.926Z"
  }
},
{
  "model": "cms.cmsplugin",
  "pk": 559,
  "fields": {
    "path": "000G0003000100090003",
    "depth": 5,
    "numchild": 2,
    "placeholder": 3,
    "parent": 548,
    "position": 2,
    "language": "en",
    "plugin_type": "GridRowPlugin",
    "creation_date": "2023-09-26T08:12:49.536Z",
    "changed_date": "2023-09-26T11:35:51.928Z"
  }
},
{
  "model": "cms.cmsplugin",
  "pk": 560,
  "fields": {
    "path": "000G00030001000900030001",
    "depth": 6,
    "numchild": 1,
    "placeholder": 3,
    "parent": 559,
    "position": 0,
    "language": "en",
    "plugin_type": "GridColumnPlugin",
    "creation_date": "2023-09-26T08:12:49.543Z",
    "changed_date": "2023-09-26T11:35:51.930Z"
  }
},
{
  "model": "cms.cmsplugin",
  "pk": 561,
  "fields": {
    "path": "000G000300010009000300010001",
    "depth": 7,
    "numchild": 0,
    "placeholder": 3,
    "parent": 560,
    "position": 0,
    "language": "en",
    "plugin_type": "TextPlugin",
    "creation_date": "2023-09-26T08:12:58.065Z",
    "changed_date": "2023-09-26T11:35:51.999Z"
  }
},
{
  "model": "cms.cmsplugin",
  "pk": 562,
  "fields": {
    "path": "000G00030001000900030002",
    "depth": 6,
    "numchild": 1,
    "placeholder": 3,
    "parent": 559,
    "position": 1,
    "language": "en",
    "plugin_type": "GridColumnPlugin",
    "creation_date": "2023-09-26T08:12:49.544Z",
    "changed_date": "2023-09-26T11:35:51.935Z"
  }
},
{
  "model": "cms.cmsplugin",
  "pk": 563,
  "fields": {
    "path": "000G000300010009000300020001",
    "depth": 7,
    "numchild": 0,
    "placeholder": 3,
    "parent": 562,
    "position": 0,
    "language": "en",
    "plugin_type": "OIDCEmailField",
    "creation_date": "2023-09-26T08:18:36.018Z",
    "changed_date": "2023-09-26T11:35:51.936Z"
  }
},
{
  "model": "cms.cmsplugin",
  "pk": 564,
  "fields": {
    "path": "000G0003000100090004",
    "depth": 5,
    "numchild": 2,
    "placeholder": 3,
    "parent": 548,
    "position": 3,
    "language": "en",
    "plugin_type": "GridRowPlugin",
    "creation_date": "2023-09-26T08:22:39.206Z",
    "changed_date": "2023-09-26T11:35:51.939Z"
  }
},
{
  "model": "cms.cmsplugin",
  "pk": 565,
  "fields": {
    "path": "000G00030001000900040001",
    "depth": 6,
    "numchild": 1,
    "placeholder": 3,
    "parent": 564,
    "position": 0,
    "language": "en",
    "plugin_type": "GridColumnPlugin",
    "creation_date": "2023-09-26T08:22:39.212Z",
    "changed_date": "2023-09-26T11:35:51.941Z"
  }
},
{
  "model": "cms.cmsplugin",
  "pk": 566,
  "fields": {
    "path": "000G000300010009000400010001",
    "depth": 7,
    "numchild": 0,
    "placeholder": 3,
    "parent": 565,
    "position": 0,
    "language": "en",
    "plugin_type": "TextPlugin",
    "creation_date": "2023-09-26T08:22:48.729Z",
    "changed_date": "2023-09-26T11:35:52.003Z"
  }
},
{
  "model": "cms.cmsplugin",
  "pk": 567,
  "fields": {
    "path": "000G00030001000900040002",
    "depth": 6,
    "numchild": 1,
    "placeholder": 3,
    "parent": 564,
    "position": 1,
    "language": "en",
    "plugin_type": "GridColumnPlugin",
    "creation_date": "2023-09-26T08:22:39.214Z",
    "changed_date": "2023-09-26T11:35:51.946Z"
  }
},
{
  "model": "cms.cmsplugin",
  "pk": 568,
  "fields": {
    "path": "000G000300010009000400020001",
    "depth": 7,
    "numchild": 0,
    "placeholder": 3,
    "parent": 567,
    "position": 0,
    "language": "en",
    "plugin_type": "OIDCPhoneField",
    "creation_date": "2023-09-26T08:23:27.994Z",
    "changed_date": "2023-09-26T11:35:51.948Z"
  }
},
{
  "model": "cms.cmsplugin",
  "pk": 569,
  "fields": {
    "path": "000H",
    "depth": 1,
    "numchild": 3,
    "placeholder": 7,
    "parent": null,
    "position": 0,
    "language": "en",
    "plugin_type": "GridContainerPlugin",
    "creation_date": "2023-09-26T11:20:37.095Z",
    "changed_date": "2023-09-26T11:36:16.880Z"
  }
},
{
  "model": "cms.cmsplugin",
  "pk": 570,
  "fields": {
    "path": "000H0001",
    "depth": 2,
    "numchild": 1,
    "placeholder": 7,
    "parent": 569,
    "position": 1,
    "language": "en",
    "plugin_type": "EditorNotePlugin",
    "creation_date": "2023-09-26T11:36:16.880Z",
    "changed_date": "2023-09-26T11:36:16.881Z"
  }
},
{
  "model": "cms.cmsplugin",
  "pk": 571,
  "fields": {
    "path": "000H00010001",
    "depth": 3,
    "numchild": 0,
    "placeholder": 7,
    "parent": 570,
    "position": 0,
    "language": "en",
    "plugin_type": "TextPlugin",
    "creation_date": "2023-09-25T13:09:08.918Z",
    "changed_date": "2023-09-26T11:36:16.893Z"
  }
},
{
  "model": "cms.cmsplugin",
  "pk": 572,
  "fields": {
    "path": "000H0002",
    "depth": 2,
    "numchild": 1,
    "placeholder": 7,
    "parent": 569,
    "position": 2,
    "language": "en",
    "plugin_type": "AlertPlugin",
    "creation_date": "2023-09-25T13:07:55.432Z",
    "changed_date": "2023-09-26T11:36:16.886Z"
  }
},
{
  "model": "cms.cmsplugin",
  "pk": 573,
  "fields": {
    "path": "000H00020001",
    "depth": 3,
    "numchild": 0,
    "placeholder": 7,
    "parent": 572,
    "position": 0,
    "language": "en",
    "plugin_type": "OIDCLoginPlugin",
    "creation_date": "2023-09-25T13:08:44.122Z",
    "changed_date": "2023-09-26T11:36:16.887Z"
  }
},
{
  "model": "cms.cmsplugin",
  "pk": 574,
  "fields": {
    "path": "000H0003",
    "depth": 2,
    "numchild": 0,
    "placeholder": 7,
    "parent": 569,
    "position": 0,
    "language": "en",
    "plugin_type": "TextPlugin",
    "creation_date": "2023-09-26T11:22:02.618Z",
    "changed_date": "2023-09-26T11:36:16.896Z"
  }
},
{
  "model": "cms.cmsplugin",
  "pk": 575,
  "fields": {
    "path": "000I",
    "depth": 1,
    "numchild": 2,
    "placeholder": 6,
    "parent": null,
    "position": 0,
    "language": "en",
    "plugin_type": "GridContainerPlugin",
    "creation_date": "2023-09-26T11:17:28.173Z",
    "changed_date": "2023-09-26T11:36:33.831Z"
  }
},
{
  "model": "cms.cmsplugin",
  "pk": 576,
  "fields": {
    "path": "000I0001",
    "depth": 2,
    "numchild": 0,
    "placeholder": 6,
    "parent": 575,
    "position": 0,
    "language": "en",
    "plugin_type": "TextPlugin",
    "creation_date": "2023-09-25T13:28:06.134Z",
    "changed_date": "2023-09-26T11:36:33.840Z"
  }
},
{
  "model": "cms.cmsplugin",
  "pk": 577,
  "fields": {
    "path": "000I0002",
    "depth": 2,
    "numchild": 1,
    "placeholder": 6,
    "parent": 575,
    "position": 1,
    "language": "en",
    "plugin_type": "AlertPlugin",
    "creation_date": "2023-09-25T13:30:45.943Z",
    "changed_date": "2023-09-26T11:36:33.837Z"
  }
},
{
  "model": "cms.cmsplugin",
  "pk": 578,
  "fields": {
    "path": "000I00020001",
    "depth": 3,
    "numchild": 0,
    "placeholder": 6,
    "parent": 577,
    "position": 0,
    "language": "en",
    "plugin_type": "OIDCHandoverDataPlugin",
    "creation_date": "2023-09-25T13:31:51.549Z",
    "changed_date": "2023-09-26T11:36:33.838Z"
  }
},
{
  "model": "cms.title",
  "pk": 1,
  "fields": {
    "language": "en",
    "title": "Home",
    "page_title": null,
    "menu_title": null,
    "meta_description": null,
    "slug": "home",
    "path": "",
    "has_url_overwrite": false,
    "redirect": null,
    "page": 1,
    "creation_date": "2023-09-25T13:03:10.292Z",
    "published": true,
    "publisher_is_draft": true,
    "publisher_public": 2,
    "publisher_state": 0
  }
},
{
  "model": "cms.title",
  "pk": 2,
  "fields": {
    "language": "en",
    "title": "Home",
    "page_title": null,
    "menu_title": null,
    "meta_description": null,
    "slug": "home",
    "path": "",
    "has_url_overwrite": false,
    "redirect": null,
    "page": 2,
    "creation_date": "2023-09-25T13:03:10.292Z",
    "published": true,
    "publisher_is_draft": false,
    "publisher_public": 1,
    "publisher_state": 0
  }
},
{
  "model": "cms.title",
  "pk": 3,
  "fields": {
    "language": "en",
    "title": "Login",
    "page_title": "",
    "menu_title": "",
    "meta_description": "",
    "slug": "login",
    "path": "login",
    "has_url_overwrite": false,
    "redirect": null,
    "page": 3,
    "creation_date": "2023-09-26T11:16:02.024Z",
    "published": true,
    "publisher_is_draft": true,
    "publisher_public": 6,
    "publisher_state": 0
  }
},
{
  "model": "cms.title",
  "pk": 4,
  "fields": {
    "language": "en",
    "title": "Debug response",
    "page_title": "",
    "menu_title": "",
    "meta_description": "",
    "slug": "debug-response",
    "path": "debug-response",
    "has_url_overwrite": false,
    "redirect": null,
    "page": 4,
    "creation_date": "2023-09-26T11:16:50.462Z",
    "published": true,
    "publisher_is_draft": true,
    "publisher_public": 5,
    "publisher_state": 0
  }
},
{
  "model": "cms.title",
  "pk": 5,
  "fields": {
    "language": "en",
    "title": "Debug response",
    "page_title": "",
    "menu_title": "",
    "meta_description": "",
    "slug": "debug-response",
    "path": "debug-response",
    "has_url_overwrite": false,
    "redirect": null,
    "page": 5,
    "creation_date": "2023-09-26T11:16:50.462Z",
    "published": true,
    "publisher_is_draft": false,
    "publisher_public": 4,
    "publisher_state": 0
  }
},
{
  "model": "cms.title",
  "pk": 6,
  "fields": {
    "language": "en",
    "title": "Login",
    "page_title": "",
    "menu_title": "",
    "meta_description": "",
    "slug": "login",
    "path": "login",
    "has_url_overwrite": false,
    "redirect": null,
    "page": 6,
    "creation_date": "2023-09-26T11:16:02.024Z",
    "published": true,
    "publisher_is_draft": false,
    "publisher_public": 3,
    "publisher_state": 0
  }
},
{
  "model": "djangocms_text_ckeditor.text",
  "pk": 1,
  "fields": {
    "cmsplugin_ptr": 1,
    "body": "<h1>Welcome on Test site</h1>\n\n<p>This is a test page of OIDC plugins.</p>\n\n<p>With this button, the provider transmits the user's data. However, the user will not be logged in.</p>"
  }
},
{
  "model": "djangocms_text_ckeditor.text",
  "pk": 13,
  "fields": {
    "cmsplugin_ptr": 13,
    "body": "<p>This content is only visible to email verified users.</p>"
  }
},
{
  "model": "djangocms_text_ckeditor.text",
  "pk": 19,
  "fields": {
    "cmsplugin_ptr": 19,
    "body": "<p>Name:</p>"
  }
},
{
  "model": "djangocms_text_ckeditor.text",
  "pk": 27,
  "fields": {
    "cmsplugin_ptr": 27,
    "body": "<p>Family name:</p>"
  }
},
{
  "model": "djangocms_text_ckeditor.text",
  "pk": 30,
  "fields": {
    "cmsplugin_ptr": 30,
    "body": "<h3>Address:</h3>"
  }
},
{
  "model": "djangocms_text_ckeditor.text",
  "pk": 38,
  "fields": {
    "cmsplugin_ptr": 38,
    "body": "<p>Street:</p>"
  }
},
{
  "model": "djangocms_text_ckeditor.text",
  "pk": 43,
  "fields": {
    "cmsplugin_ptr": 43,
    "body": "<p>City:</p>"
  }
},
{
  "model": "djangocms_text_ckeditor.text",
  "pk": 48,
  "fields": {
    "cmsplugin_ptr": 48,
    "body": "<p>ZIP:</p>"
  }
},
{
  "model": "djangocms_text_ckeditor.text",
  "pk": 53,
  "fields": {
    "cmsplugin_ptr": 53,
    "body": "<p>Country:</p>"
  }
},
{
  "model": "djangocms_text_ckeditor.text",
  "pk": 251,
  "fields": {
    "cmsplugin_ptr": 251,
    "body": "<p>Email:</p>"
  }
},
{
  "model": "djangocms_text_ckeditor.text",
  "pk": 309,
  "fields": {
    "cmsplugin_ptr": 309,
    "body": "<p>Phone:</p>"
  }
},
{
  "model": "djangocms_text_ckeditor.text",
  "pk": 431,
  "fields": {
    "cmsplugin_ptr": 431,
    "body": "<h2>Test data handover</h2>\n\n<p>Show the request and the response details in Django messages.</p>"
  }
},
{
  "model": "djangocms_text_ckeditor.text",
  "pk": 444,
  "fields": {
    "cmsplugin_ptr": 444,
    "body": "<p>Caution! Following <strong>Login via MojeID</strong> creates new user after succesfull login. To disable this feature turn on the switch \"<strong>No new user</strong>\".</p>"
  }
},
{
  "model": "djangocms_text_ckeditor.text",
  "pk": 454,
  "fields": {
    "cmsplugin_ptr": 454,
    "body": "<h2>Login via MojeID provider</h2>\n\n<p>This button allows the user to log in to the administration. If the user does not exist, it will be created. The creation of a new user can be switched off with the \"<strong>No new user</strong>\" switch in the plugin <strong>OIDC Login</strong>.</p>\n\n<p>A newly created user has no permissions set. By overloading the function <code>create_new_user</code> overloading the <code>DjangoOIDCAuthenticationBacked</code> class, they can possibly be set.</p>"
  }
},
{
  "model": "djangocms_text_ckeditor.text",
  "pk": 518,
  "fields": {
    "cmsplugin_ptr": 518,
    "body": "<h1>Welcome on Test site</h1>\n\n<p>This is a test page of OIDC plugins.</p>\n\n<p>With this button, the provider transmits the user's data. However, the user will not be logged in.</p>"
  }
},
{
  "model": "djangocms_text_ckeditor.text",
  "pk": 525,
  "fields": {
    "cmsplugin_ptr": 525,
    "body": "<h3>Address:</h3>"
  }
},
{
  "model": "djangocms_text_ckeditor.text",
  "pk": 528,
  "fields": {
    "cmsplugin_ptr": 528,
    "body": "<p>Street:</p>"
  }
},
{
  "model": "djangocms_text_ckeditor.text",
  "pk": 533,
  "fields": {
    "cmsplugin_ptr": 533,
    "body": "<p>City:</p>"
  }
},
{
  "model": "djangocms_text_ckeditor.text",
  "pk": 538,
  "fields": {
    "cmsplugin_ptr": 538,
    "body": "<p>ZIP:</p>"
  }
},
{
  "model": "djangocms_text_ckeditor.text",
  "pk": 543,
  "fields": {
    "cmsplugin_ptr": 543,
    "body": "<p>Country:</p>"
  }
},
{
  "model": "djangocms_text_ckeditor.text",
  "pk": 547,
  "fields": {
    "cmsplugin_ptr": 547,
    "body": "<p>This content is only visible to email verified users.</p>"
  }
},
{
  "model": "djangocms_text_ckeditor.text",
  "pk": 551,
  "fields": {
    "cmsplugin_ptr": 551,
    "body": "<p>Name:</p>"
  }
},
{
  "model": "djangocms_text_ckeditor.text",
  "pk": 556,
  "fields": {
    "cmsplugin_ptr": 556,
    "body": "<p>Family name:</p>"
  }
},
{
  "model": "djangocms_text_ckeditor.text",
  "pk": 561,
  "fields": {
    "cmsplugin_ptr": 561,
    "body": "<p>Email:</p>"
  }
},
{
  "model": "djangocms_text_ckeditor.text",
  "pk": 566,
  "fields": {
    "cmsplugin_ptr": 566,
    "body": "<p>Phone:</p>"
  }
},
{
  "model": "djangocms_text_ckeditor.text",
  "pk": 571,
  "fields": {
    "cmsplugin_ptr": 571,
    "body": "<p>Caution! Following <strong>Login via MojeID</strong> creates new user after succesfull login. To disable this feature turn on the switch \"<strong>No new user</strong>\".</p>"
  }
},
{
  "model": "djangocms_text_ckeditor.text",
  "pk": 574,
  "fields": {
    "cmsplugin_ptr": 574,
    "body": "<h2>Login via MojeID provider</h2>\n\n<p>This button allows the user to log in to the administration. If the user does not exist, it will be created. The creation of a new user can be switched off with the \"<strong>No new user</strong>\" switch in the plugin <strong>OIDC Login</strong>.</p>\n\n<p>A newly created user has no permissions set. By overloading the function <code>create_new_user</code> overloading the <code>DjangoOIDCAuthenticationBacked</code> class, they can possibly be set.</p>"
  }
},
{
  "model": "djangocms_text_ckeditor.text",
  "pk": 576,
  "fields": {
    "cmsplugin_ptr": 576,
    "body": "<h2>Test data handover</h2>\n\n<p>Show the request and the response details in Django messages.</p>"
  }
},
{
  "model": "djangocms_frontend.frontenduiitem",
  "pk": 2,
  "fields": {
    "cmsplugin_ptr": 2,
    "ui_item": "GridContainer",
    "tag_type": "div",
    "config": {
      "container_type": "container",
      "attributes": {},
      "plugin_title": {
        "show": false,
        "title": ""
      },
      "background_context": "",
      "background_opacity": "100",
      "background_shadow": "",
      "responsive_visibility": null,
      "margin_x": "",
      "margin_y": "mt-4",
      "margin_devices": null,
      "padding_x": "",
      "padding_y": "",
      "padding_devices": null,
      "size_x": "auto",
      "size_y": "75"
    }
  }
},
{
  "model": "djangocms_frontend.frontenduiitem",
  "pk": 5,
  "fields": {
    "cmsplugin_ptr": 5,
    "ui_item": "Alert",
    "tag_type": "div",
    "config": {
      "alert_context": "primary",
      "alert_dismissible": false,
      "attributes": {},
      "alert_shadow": "",
      "responsive_visibility": null,
      "margin_x": "",
      "margin_y": "",
      "margin_devices": null,
      "padding_x": "",
      "padding_y": "",
      "padding_devices": null
    }
  }
},
{
  "model": "djangocms_frontend.frontenduiitem",
  "pk": 16,
  "fields": {
    "cmsplugin_ptr": 16,
    "ui_item": "GridRow",
    "tag_type": "div",
    "config": {
      "vertical_alignment": "",
      "horizontal_alignment": "",
      "gutters": "",
      "attributes": {},
      "row_cols_xs": null,
      "row_cols_sm": null,
      "row_cols_md": null,
      "row_cols_lg": null,
      "row_cols_xl": null,
      "row_cols_xxl": null,
      "plugin_title": {
        "show": false,
        "title": ""
      },
      "responsive_visibility": null,
      "margin_x": "",
      "margin_y": "",
      "margin_devices": null,
      "padding_x": "",
      "padding_y": "",
      "padding_devices": null
    }
  }
},
{
  "model": "djangocms_frontend.frontenduiitem",
  "pk": 17,
  "fields": {
    "cmsplugin_ptr": 17,
    "ui_item": "GridColumn",
    "tag_type": "div",
    "config": {
      "column_alignment": null,
      "xs_col": null,
      "xs_order": null,
      "xs_offset": null,
      "xs_ml": null,
      "xs_mr": null,
      "sm_col": null,
      "sm_order": null,
      "sm_offset": null,
      "sm_ml": null,
      "sm_mr": null,
      "md_col": null,
      "md_order": null,
      "md_offset": null,
      "md_ml": null,
      "md_mr": null,
      "lg_col": null,
      "lg_order": null,
      "lg_offset": null,
      "lg_ml": null,
      "lg_mr": null,
      "xl_col": null,
      "xl_order": null,
      "xl_offset": null,
      "xl_ml": null,
      "xl_mr": null,
      "xxl_col": null,
      "xxl_order": null,
      "xxl_offset": null,
      "xxl_ml": null,
      "xxl_mr": null
    }
  }
},
{
  "model": "djangocms_frontend.frontenduiitem",
  "pk": 18,
  "fields": {
    "cmsplugin_ptr": 18,
    "ui_item": "GridColumn",
    "tag_type": "div",
    "config": {
      "column_alignment": null,
      "xs_col": null,
      "xs_order": null,
      "xs_offset": null,
      "xs_ml": null,
      "xs_mr": null,
      "sm_col": null,
      "sm_order": null,
      "sm_offset": null,
      "sm_ml": null,
      "sm_mr": null,
      "md_col": null,
      "md_order": null,
      "md_offset": null,
      "md_ml": null,
      "md_mr": null,
      "lg_col": null,
      "lg_order": null,
      "lg_offset": null,
      "lg_ml": null,
      "lg_mr": null,
      "xl_col": null,
      "xl_order": null,
      "xl_offset": null,
      "xl_ml": null,
      "xl_mr": null,
      "xxl_col": null,
      "xxl_order": null,
      "xxl_offset": null,
      "xxl_ml": null,
      "xxl_mr": null
    }
  }
},
{
  "model": "djangocms_frontend.frontenduiitem",
  "pk": 25,
  "fields": {
    "cmsplugin_ptr": 25,
    "ui_item": "GridRow",
    "tag_type": "div",
    "config": {
      "vertical_alignment": "",
      "horizontal_alignment": "",
      "gutters": "",
      "attributes": {},
      "row_cols_xs": null,
      "row_cols_sm": null,
      "row_cols_md": null,
      "row_cols_lg": null,
      "row_cols_xl": null,
      "row_cols_xxl": null,
      "plugin_title": {
        "show": false,
        "title": "Family name"
      },
      "responsive_visibility": null,
      "margin_x": "",
      "margin_y": "",
      "margin_devices": null,
      "padding_x": "",
      "padding_y": "",
      "padding_devices": null
    }
  }
},
{
  "model": "djangocms_frontend.frontenduiitem",
  "pk": 26,
  "fields": {
    "cmsplugin_ptr": 26,
    "ui_item": "GridColumn",
    "tag_type": "div",
    "config": {
      "column_alignment": null,
      "xs_col": null,
      "xs_order": null,
      "xs_offset": null,
      "xs_ml": null,
      "xs_mr": null,
      "sm_col": null,
      "sm_order": null,
      "sm_offset": null,
      "sm_ml": null,
      "sm_mr": null,
      "md_col": null,
      "md_order": null,
      "md_offset": null,
      "md_ml": null,
      "md_mr": null,
      "lg_col": null,
      "lg_order": null,
      "lg_offset": null,
      "lg_ml": null,
      "lg_mr": null,
      "xl_col": null,
      "xl_order": null,
      "xl_offset": null,
      "xl_ml": null,
      "xl_mr": null,
      "xxl_col": null,
      "xxl_order": null,
      "xxl_offset": null,
      "xxl_ml": null,
      "xxl_mr": null
    }
  }
},
{
  "model": "djangocms_frontend.frontenduiitem",
  "pk": 28,
  "fields": {
    "cmsplugin_ptr": 28,
    "ui_item": "GridColumn",
    "tag_type": "div",
    "config": {
      "column_alignment": null,
      "xs_col": null,
      "xs_order": null,
      "xs_offset": null,
      "xs_ml": null,
      "xs_mr": null,
      "sm_col": null,
      "sm_order": null,
      "sm_offset": null,
      "sm_ml": null,
      "sm_mr": null,
      "md_col": null,
      "md_order": null,
      "md_offset": null,
      "md_ml": null,
      "md_mr": null,
      "lg_col": null,
      "lg_order": null,
      "lg_offset": null,
      "lg_ml": null,
      "lg_mr": null,
      "xl_col": null,
      "xl_order": null,
      "xl_offset": null,
      "xl_ml": null,
      "xl_mr": null,
      "xxl_col": null,
      "xxl_order": null,
      "xxl_offset": null,
      "xxl_ml": null,
      "xxl_mr": null
    }
  }
},
{
  "model": "djangocms_frontend.frontenduiitem",
  "pk": 36,
  "fields": {
    "cmsplugin_ptr": 36,
    "ui_item": "GridRow",
    "tag_type": "div",
    "config": {
      "vertical_alignment": "",
      "horizontal_alignment": "",
      "gutters": "",
      "attributes": {},
      "row_cols_xs": null,
      "row_cols_sm": null,
      "row_cols_md": null,
      "row_cols_lg": null,
      "row_cols_xl": null,
      "row_cols_xxl": null,
      "plugin_title": {
        "show": false,
        "title": ""
      },
      "responsive_visibility": null,
      "margin_x": "",
      "margin_y": "",
      "margin_devices": null,
      "padding_x": "",
      "padding_y": "",
      "padding_devices": null
    }
  }
},
{
  "model": "djangocms_frontend.frontenduiitem",
  "pk": 37,
  "fields": {
    "cmsplugin_ptr": 37,
    "ui_item": "GridColumn",
    "tag_type": "div",
    "config": {
      "column_alignment": null,
      "xs_col": null,
      "xs_order": null,
      "xs_offset": null,
      "xs_ml": null,
      "xs_mr": null,
      "sm_col": null,
      "sm_order": null,
      "sm_offset": null,
      "sm_ml": null,
      "sm_mr": null,
      "md_col": null,
      "md_order": null,
      "md_offset": null,
      "md_ml": null,
      "md_mr": null,
      "lg_col": null,
      "lg_order": null,
      "lg_offset": null,
      "lg_ml": null,
      "lg_mr": null,
      "xl_col": null,
      "xl_order": null,
      "xl_offset": null,
      "xl_ml": null,
      "xl_mr": null,
      "xxl_col": null,
      "xxl_order": null,
      "xxl_offset": null,
      "xxl_ml": null,
      "xxl_mr": null
    }
  }
},
{
  "model": "djangocms_frontend.frontenduiitem",
  "pk": 39,
  "fields": {
    "cmsplugin_ptr": 39,
    "ui_item": "GridColumn",
    "tag_type": "div",
    "config": {
      "column_alignment": null,
      "xs_col": null,
      "xs_order": null,
      "xs_offset": null,
      "xs_ml": null,
      "xs_mr": null,
      "sm_col": null,
      "sm_order": null,
      "sm_offset": null,
      "sm_ml": null,
      "sm_mr": null,
      "md_col": null,
      "md_order": null,
      "md_offset": null,
      "md_ml": null,
      "md_mr": null,
      "lg_col": null,
      "lg_order": null,
      "lg_offset": null,
      "lg_ml": null,
      "lg_mr": null,
      "xl_col": null,
      "xl_order": null,
      "xl_offset": null,
      "xl_ml": null,
      "xl_mr": null,
      "xxl_col": null,
      "xxl_order": null,
      "xxl_offset": null,
      "xxl_ml": null,
      "xxl_mr": null
    }
  }
},
{
  "model": "djangocms_frontend.frontenduiitem",
  "pk": 41,
  "fields": {
    "cmsplugin_ptr": 41,
    "ui_item": "GridRow",
    "tag_type": "div",
    "config": {
      "vertical_alignment": "",
      "horizontal_alignment": "",
      "gutters": "",
      "attributes": {},
      "row_cols_xs": null,
      "row_cols_sm": null,
      "row_cols_md": null,
      "row_cols_lg": null,
      "row_cols_xl": null,
      "row_cols_xxl": null,
      "plugin_title": {
        "show": false,
        "title": ""
      },
      "responsive_visibility": null,
      "margin_x": "",
      "margin_y": "",
      "margin_devices": null,
      "padding_x": "",
      "padding_y": "",
      "padding_devices": null
    }
  }
},
{
  "model": "djangocms_frontend.frontenduiitem",
  "pk": 42,
  "fields": {
    "cmsplugin_ptr": 42,
    "ui_item": "GridColumn",
    "tag_type": "div",
    "config": {
      "column_alignment": null,
      "xs_col": null,
      "xs_order": null,
      "xs_offset": null,
      "xs_ml": null,
      "xs_mr": null,
      "sm_col": null,
      "sm_order": null,
      "sm_offset": null,
      "sm_ml": null,
      "sm_mr": null,
      "md_col": null,
      "md_order": null,
      "md_offset": null,
      "md_ml": null,
      "md_mr": null,
      "lg_col": null,
      "lg_order": null,
      "lg_offset": null,
      "lg_ml": null,
      "lg_mr": null,
      "xl_col": null,
      "xl_order": null,
      "xl_offset": null,
      "xl_ml": null,
      "xl_mr": null,
      "xxl_col": null,
      "xxl_order": null,
      "xxl_offset": null,
      "xxl_ml": null,
      "xxl_mr": null
    }
  }
},
{
  "model": "djangocms_frontend.frontenduiitem",
  "pk": 44,
  "fields": {
    "cmsplugin_ptr": 44,
    "ui_item": "GridColumn",
    "tag_type": "div",
    "config": {
      "column_alignment": null,
      "xs_col": null,
      "xs_order": null,
      "xs_offset": null,
      "xs_ml": null,
      "xs_mr": null,
      "sm_col": null,
      "sm_order": null,
      "sm_offset": null,
      "sm_ml": null,
      "sm_mr": null,
      "md_col": null,
      "md_order": null,
      "md_offset": null,
      "md_ml": null,
      "md_mr": null,
      "lg_col": null,
      "lg_order": null,
      "lg_offset": null,
      "lg_ml": null,
      "lg_mr": null,
      "xl_col": null,
      "xl_order": null,
      "xl_offset": null,
      "xl_ml": null,
      "xl_mr": null,
      "xxl_col": null,
      "xxl_order": null,
      "xxl_offset": null,
      "xxl_ml": null,
      "xxl_mr": null
    }
  }
},
{
  "model": "djangocms_frontend.frontenduiitem",
  "pk": 46,
  "fields": {
    "cmsplugin_ptr": 46,
    "ui_item": "GridRow",
    "tag_type": "div",
    "config": {
      "vertical_alignment": "",
      "horizontal_alignment": "",
      "gutters": "",
      "attributes": {},
      "row_cols_xs": null,
      "row_cols_sm": null,
      "row_cols_md": null,
      "row_cols_lg": null,
      "row_cols_xl": null,
      "row_cols_xxl": null,
      "plugin_title": {
        "show": false,
        "title": ""
      },
      "responsive_visibility": null,
      "margin_x": "",
      "margin_y": "",
      "margin_devices": null,
      "padding_x": "",
      "padding_y": "",
      "padding_devices": null
    }
  }
},
{
  "model": "djangocms_frontend.frontenduiitem",
  "pk": 47,
  "fields": {
    "cmsplugin_ptr": 47,
    "ui_item": "GridColumn",
    "tag_type": "div",
    "config": {
      "column_alignment": null,
      "xs_col": null,
      "xs_order": null,
      "xs_offset": null,
      "xs_ml": null,
      "xs_mr": null,
      "sm_col": null,
      "sm_order": null,
      "sm_offset": null,
      "sm_ml": null,
      "sm_mr": null,
      "md_col": null,
      "md_order": null,
      "md_offset": null,
      "md_ml": null,
      "md_mr": null,
      "lg_col": null,
      "lg_order": null,
      "lg_offset": null,
      "lg_ml": null,
      "lg_mr": null,
      "xl_col": null,
      "xl_order": null,
      "xl_offset": null,
      "xl_ml": null,
      "xl_mr": null,
      "xxl_col": null,
      "xxl_order": null,
      "xxl_offset": null,
      "xxl_ml": null,
      "xxl_mr": null
    }
  }
},
{
  "model": "djangocms_frontend.frontenduiitem",
  "pk": 49,
  "fields": {
    "cmsplugin_ptr": 49,
    "ui_item": "GridColumn",
    "tag_type": "div",
    "config": {
      "column_alignment": null,
      "xs_col": null,
      "xs_order": null,
      "xs_offset": null,
      "xs_ml": null,
      "xs_mr": null,
      "sm_col": null,
      "sm_order": null,
      "sm_offset": null,
      "sm_ml": null,
      "sm_mr": null,
      "md_col": null,
      "md_order": null,
      "md_offset": null,
      "md_ml": null,
      "md_mr": null,
      "lg_col": null,
      "lg_order": null,
      "lg_offset": null,
      "lg_ml": null,
      "lg_mr": null,
      "xl_col": null,
      "xl_order": null,
      "xl_offset": null,
      "xl_ml": null,
      "xl_mr": null,
      "xxl_col": null,
      "xxl_order": null,
      "xxl_offset": null,
      "xxl_ml": null,
      "xxl_mr": null
    }
  }
},
{
  "model": "djangocms_frontend.frontenduiitem",
  "pk": 51,
  "fields": {
    "cmsplugin_ptr": 51,
    "ui_item": "GridRow",
    "tag_type": "div",
    "config": {
      "vertical_alignment": "",
      "horizontal_alignment": "",
      "gutters": "",
      "attributes": {},
      "row_cols_xs": null,
      "row_cols_sm": null,
      "row_cols_md": null,
      "row_cols_lg": null,
      "row_cols_xl": null,
      "row_cols_xxl": null,
      "plugin_title": {
        "show": false,
        "title": ""
      },
      "responsive_visibility": null,
      "margin_x": "",
      "margin_y": "",
      "margin_devices": null,
      "padding_x": "",
      "padding_y": "",
      "padding_devices": null
    }
  }
},
{
  "model": "djangocms_frontend.frontenduiitem",
  "pk": 52,
  "fields": {
    "cmsplugin_ptr": 52,
    "ui_item": "GridColumn",
    "tag_type": "div",
    "config": {
      "column_alignment": null,
      "xs_col": null,
      "xs_order": null,
      "xs_offset": null,
      "xs_ml": null,
      "xs_mr": null,
      "sm_col": null,
      "sm_order": null,
      "sm_offset": null,
      "sm_ml": null,
      "sm_mr": null,
      "md_col": null,
      "md_order": null,
      "md_offset": null,
      "md_ml": null,
      "md_mr": null,
      "lg_col": null,
      "lg_order": null,
      "lg_offset": null,
      "lg_ml": null,
      "lg_mr": null,
      "xl_col": null,
      "xl_order": null,
      "xl_offset": null,
      "xl_ml": null,
      "xl_mr": null,
      "xxl_col": null,
      "xxl_order": null,
      "xxl_offset": null,
      "xxl_ml": null,
      "xxl_mr": null
    }
  }
},
{
  "model": "djangocms_frontend.frontenduiitem",
  "pk": 54,
  "fields": {
    "cmsplugin_ptr": 54,
    "ui_item": "GridColumn",
    "tag_type": "div",
    "config": {
      "column_alignment": null,
      "xs_col": null,
      "xs_order": null,
      "xs_offset": null,
      "xs_ml": null,
      "xs_mr": null,
      "sm_col": null,
      "sm_order": null,
      "sm_offset": null,
      "sm_ml": null,
      "sm_mr": null,
      "md_col": null,
      "md_order": null,
      "md_offset": null,
      "md_ml": null,
      "md_mr": null,
      "lg_col": null,
      "lg_order": null,
      "lg_offset": null,
      "lg_ml": null,
      "lg_mr": null,
      "xl_col": null,
      "xl_order": null,
      "xl_offset": null,
      "xl_ml": null,
      "xl_mr": null,
      "xxl_col": null,
      "xxl_order": null,
      "xxl_offset": null,
      "xxl_ml": null,
      "xxl_mr": null
    }
  }
},
{
  "model": "djangocms_frontend.frontenduiitem",
  "pk": 101,
  "fields": {
    "cmsplugin_ptr": 101,
    "ui_item": "Spacing",
    "tag_type": "div",
    "config": {
      "space_property": "m",
      "space_sides": "",
      "space_size": "3",
      "space_device": "",
      "attributes": {}
    }
  }
},
{
  "model": "djangocms_frontend.frontenduiitem",
  "pk": 199,
  "fields": {
    "cmsplugin_ptr": 199,
    "ui_item": "GridContainer",
    "tag_type": "div",
    "config": {
      "container_type": "container",
      "attributes": {},
      "plugin_title": {
        "show": false,
        "title": ""
      },
      "background_context": "light",
      "background_opacity": "100",
      "background_shadow": "",
      "responsive_visibility": null,
      "margin_x": "",
      "margin_y": "",
      "margin_devices": null,
      "padding_x": "",
      "padding_y": "",
      "padding_devices": null,
      "size_x": "",
      "size_y": ""
    }
  }
},
{
  "model": "djangocms_frontend.frontenduiitem",
  "pk": 248,
  "fields": {
    "cmsplugin_ptr": 248,
    "ui_item": "GridRow",
    "tag_type": "div",
    "config": {
      "vertical_alignment": "",
      "horizontal_alignment": "",
      "gutters": "",
      "attributes": {},
      "row_cols_xs": null,
      "row_cols_sm": null,
      "row_cols_md": null,
      "row_cols_lg": null,
      "row_cols_xl": null,
      "row_cols_xxl": null,
      "plugin_title": {
        "show": false,
        "title": "Email"
      },
      "responsive_visibility": null,
      "margin_x": "",
      "margin_y": "",
      "margin_devices": null,
      "padding_x": "",
      "padding_y": "",
      "padding_devices": null
    }
  }
},
{
  "model": "djangocms_frontend.frontenduiitem",
  "pk": 249,
  "fields": {
    "cmsplugin_ptr": 249,
    "ui_item": "GridColumn",
    "tag_type": "div",
    "config": {
      "column_alignment": null,
      "xs_col": null,
      "xs_order": null,
      "xs_offset": null,
      "xs_ml": null,
      "xs_mr": null,
      "sm_col": null,
      "sm_order": null,
      "sm_offset": null,
      "sm_ml": null,
      "sm_mr": null,
      "md_col": null,
      "md_order": null,
      "md_offset": null,
      "md_ml": null,
      "md_mr": null,
      "lg_col": null,
      "lg_order": null,
      "lg_offset": null,
      "lg_ml": null,
      "lg_mr": null,
      "xl_col": null,
      "xl_order": null,
      "xl_offset": null,
      "xl_ml": null,
      "xl_mr": null,
      "xxl_col": null,
      "xxl_order": null,
      "xxl_offset": null,
      "xxl_ml": null,
      "xxl_mr": null
    }
  }
},
{
  "model": "djangocms_frontend.frontenduiitem",
  "pk": 250,
  "fields": {
    "cmsplugin_ptr": 250,
    "ui_item": "GridColumn",
    "tag_type": "div",
    "config": {
      "column_alignment": null,
      "xs_col": null,
      "xs_order": null,
      "xs_offset": null,
      "xs_ml": null,
      "xs_mr": null,
      "sm_col": null,
      "sm_order": null,
      "sm_offset": null,
      "sm_ml": null,
      "sm_mr": null,
      "md_col": null,
      "md_order": null,
      "md_offset": null,
      "md_ml": null,
      "md_mr": null,
      "lg_col": null,
      "lg_order": null,
      "lg_offset": null,
      "lg_ml": null,
      "lg_mr": null,
      "xl_col": null,
      "xl_order": null,
      "xl_offset": null,
      "xl_ml": null,
      "xl_mr": null,
      "xxl_col": null,
      "xxl_order": null,
      "xxl_offset": null,
      "xxl_ml": null,
      "xxl_mr": null
    }
  }
},
{
  "model": "djangocms_frontend.frontenduiitem",
  "pk": 306,
  "fields": {
    "cmsplugin_ptr": 306,
    "ui_item": "GridRow",
    "tag_type": "div",
    "config": {
      "vertical_alignment": "",
      "horizontal_alignment": "",
      "gutters": "",
      "attributes": {},
      "row_cols_xs": null,
      "row_cols_sm": null,
      "row_cols_md": null,
      "row_cols_lg": null,
      "row_cols_xl": null,
      "row_cols_xxl": null,
      "plugin_title": {
        "show": false,
        "title": "Phone"
      },
      "responsive_visibility": null,
      "margin_x": "",
      "margin_y": "",
      "margin_devices": null,
      "padding_x": "",
      "padding_y": "",
      "padding_devices": null
    }
  }
},
{
  "model": "djangocms_frontend.frontenduiitem",
  "pk": 307,
  "fields": {
    "cmsplugin_ptr": 307,
    "ui_item": "GridColumn",
    "tag_type": "div",
    "config": {
      "column_alignment": null,
      "xs_col": null,
      "xs_order": null,
      "xs_offset": null,
      "xs_ml": null,
      "xs_mr": null,
      "sm_col": null,
      "sm_order": null,
      "sm_offset": null,
      "sm_ml": null,
      "sm_mr": null,
      "md_col": null,
      "md_order": null,
      "md_offset": null,
      "md_ml": null,
      "md_mr": null,
      "lg_col": null,
      "lg_order": null,
      "lg_offset": null,
      "lg_ml": null,
      "lg_mr": null,
      "xl_col": null,
      "xl_order": null,
      "xl_offset": null,
      "xl_ml": null,
      "xl_mr": null,
      "xxl_col": null,
      "xxl_order": null,
      "xxl_offset": null,
      "xxl_ml": null,
      "xxl_mr": null
    }
  }
},
{
  "model": "djangocms_frontend.frontenduiitem",
  "pk": 308,
  "fields": {
    "cmsplugin_ptr": 308,
    "ui_item": "GridColumn",
    "tag_type": "div",
    "config": {
      "column_alignment": null,
      "xs_col": null,
      "xs_order": null,
      "xs_offset": null,
      "xs_ml": null,
      "xs_mr": null,
      "sm_col": null,
      "sm_order": null,
      "sm_offset": null,
      "sm_ml": null,
      "sm_mr": null,
      "md_col": null,
      "md_order": null,
      "md_offset": null,
      "md_ml": null,
      "md_mr": null,
      "lg_col": null,
      "lg_order": null,
      "lg_offset": null,
      "lg_ml": null,
      "lg_mr": null,
      "xl_col": null,
      "xl_order": null,
      "xl_offset": null,
      "xl_ml": null,
      "xl_mr": null,
      "xxl_col": null,
      "xxl_order": null,
      "xxl_offset": null,
      "xxl_ml": null,
      "xxl_mr": null
    }
  }
},
{
  "model": "djangocms_frontend.frontenduiitem",
  "pk": 429,
  "fields": {
    "cmsplugin_ptr": 429,
    "ui_item": "GridContainer",
    "tag_type": "div",
    "config": {
      "container_type": "container",
      "attributes": {},
      "plugin_title": {
        "show": false,
        "title": ""
      },
      "background_context": "",
      "background_opacity": "100",
      "background_shadow": "",
      "responsive_visibility": null,
      "margin_x": "",
      "margin_y": "mt-4",
      "margin_devices": null,
      "padding_x": "",
      "padding_y": "",
      "padding_devices": null,
      "size_x": "auto",
      "size_y": "75"
    }
  }
},
{
  "model": "djangocms_frontend.frontenduiitem",
  "pk": 434,
  "fields": {
    "cmsplugin_ptr": 434,
    "ui_item": "Alert",
    "tag_type": "div",
    "config": {
      "alert_context": "warning",
      "alert_dismissible": false,
      "attributes": {},
      "alert_shadow": "",
      "responsive_visibility": null,
      "margin_x": "",
      "margin_y": "",
      "margin_devices": null,
      "padding_x": "",
      "padding_y": "",
      "padding_devices": null
    }
  }
},
{
  "model": "djangocms_frontend.frontenduiitem",
  "pk": 440,
  "fields": {
    "cmsplugin_ptr": 440,
    "ui_item": "GridContainer",
    "tag_type": "div",
    "config": {
      "container_type": "container",
      "attributes": {},
      "plugin_title": {
        "show": false,
        "title": ""
      },
      "background_context": "",
      "background_opacity": "100",
      "background_shadow": "",
      "responsive_visibility": null,
      "margin_x": "",
      "margin_y": "mt-4",
      "margin_devices": null,
      "padding_x": "",
      "padding_y": "",
      "padding_devices": null,
      "size_x": "auto",
      "size_y": "75"
    }
  }
},
{
  "model": "djangocms_frontend.frontenduiitem",
  "pk": 445,
  "fields": {
    "cmsplugin_ptr": 445,
    "ui_item": "Alert",
    "tag_type": "div",
    "config": {
      "alert_context": "success",
      "alert_dismissible": false,
      "attributes": {},
      "alert_shadow": "",
      "responsive_visibility": null,
      "margin_x": "",
      "margin_y": "",
      "margin_devices": null,
      "padding_x": "",
      "padding_y": "",
      "padding_devices": null
    }
  }
},
{
  "model": "djangocms_frontend.frontenduiitem",
  "pk": 447,
  "fields": {
    "cmsplugin_ptr": 447,
    "ui_item": "Alert",
    "tag_type": "div",
    "config": {
      "alert_context": "success",
      "alert_dismissible": false,
      "attributes": {},
      "alert_shadow": "",
      "responsive_visibility": null,
      "margin_x": "",
      "margin_y": "",
      "margin_devices": null,
      "padding_x": "",
      "padding_y": "",
      "padding_devices": null
    }
  }
},
{
  "model": "djangocms_frontend.frontenduiitem",
  "pk": 517,
  "fields": {
    "cmsplugin_ptr": 517,
    "ui_item": "GridContainer",
    "tag_type": "div",
    "config": {
      "container_type": "container",
      "attributes": {},
      "plugin_title": {
        "show": false,
        "title": ""
      },
      "background_context": "",
      "background_opacity": "100",
      "background_shadow": "",
      "responsive_visibility": null,
      "margin_x": "",
      "margin_y": "mt-4",
      "margin_devices": null,
      "padding_x": "",
      "padding_y": "",
      "padding_devices": null,
      "size_x": "auto",
      "size_y": "75"
    }
  }
},
{
  "model": "djangocms_frontend.frontenduiitem",
  "pk": 519,
  "fields": {
    "cmsplugin_ptr": 519,
    "ui_item": "Alert",
    "tag_type": "div",
    "config": {
      "alert_context": "primary",
      "alert_dismissible": false,
      "attributes": {},
      "alert_shadow": "",
      "responsive_visibility": null,
      "margin_x": "",
      "margin_y": "",
      "margin_devices": null,
      "padding_x": "",
      "padding_y": "",
      "padding_devices": null
    }
  }
},
{
  "model": "djangocms_frontend.frontenduiitem",
  "pk": 522,
  "fields": {
    "cmsplugin_ptr": 522,
    "ui_item": "GridContainer",
    "tag_type": "div",
    "config": {
      "container_type": "container",
      "attributes": {},
      "plugin_title": {
        "show": false,
        "title": ""
      },
      "background_context": "light",
      "background_opacity": "100",
      "background_shadow": "",
      "responsive_visibility": null,
      "margin_x": "",
      "margin_y": "",
      "margin_devices": null,
      "padding_x": "",
      "padding_y": "",
      "padding_devices": null,
      "size_x": "",
      "size_y": ""
    }
  }
},
{
  "model": "djangocms_frontend.frontenduiitem",
  "pk": 523,
  "fields": {
    "cmsplugin_ptr": 523,
    "ui_item": "Spacing",
    "tag_type": "div",
    "config": {
      "space_property": "m",
      "space_sides": "",
      "space_size": "3",
      "space_device": "",
      "attributes": {}
    }
  }
},
{
  "model": "djangocms_frontend.frontenduiitem",
  "pk": 526,
  "fields": {
    "cmsplugin_ptr": 526,
    "ui_item": "GridRow",
    "tag_type": "div",
    "config": {
      "vertical_alignment": "",
      "horizontal_alignment": "",
      "gutters": "",
      "attributes": {},
      "row_cols_xs": null,
      "row_cols_sm": null,
      "row_cols_md": null,
      "row_cols_lg": null,
      "row_cols_xl": null,
      "row_cols_xxl": null,
      "plugin_title": {
        "show": false,
        "title": ""
      },
      "responsive_visibility": null,
      "margin_x": "",
      "margin_y": "",
      "margin_devices": null,
      "padding_x": "",
      "padding_y": "",
      "padding_devices": null
    }
  }
},
{
  "model": "djangocms_frontend.frontenduiitem",
  "pk": 527,
  "fields": {
    "cmsplugin_ptr": 527,
    "ui_item": "GridColumn",
    "tag_type": "div",
    "config": {
      "column_alignment": null,
      "xs_col": null,
      "xs_order": null,
      "xs_offset": null,
      "xs_ml": null,
      "xs_mr": null,
      "sm_col": null,
      "sm_order": null,
      "sm_offset": null,
      "sm_ml": null,
      "sm_mr": null,
      "md_col": null,
      "md_order": null,
      "md_offset": null,
      "md_ml": null,
      "md_mr": null,
      "lg_col": null,
      "lg_order": null,
      "lg_offset": null,
      "lg_ml": null,
      "lg_mr": null,
      "xl_col": null,
      "xl_order": null,
      "xl_offset": null,
      "xl_ml": null,
      "xl_mr": null,
      "xxl_col": null,
      "xxl_order": null,
      "xxl_offset": null,
      "xxl_ml": null,
      "xxl_mr": null
    }
  }
},
{
  "model": "djangocms_frontend.frontenduiitem",
  "pk": 529,
  "fields": {
    "cmsplugin_ptr": 529,
    "ui_item": "GridColumn",
    "tag_type": "div",
    "config": {
      "column_alignment": null,
      "xs_col": null,
      "xs_order": null,
      "xs_offset": null,
      "xs_ml": null,
      "xs_mr": null,
      "sm_col": null,
      "sm_order": null,
      "sm_offset": null,
      "sm_ml": null,
      "sm_mr": null,
      "md_col": null,
      "md_order": null,
      "md_offset": null,
      "md_ml": null,
      "md_mr": null,
      "lg_col": null,
      "lg_order": null,
      "lg_offset": null,
      "lg_ml": null,
      "lg_mr": null,
      "xl_col": null,
      "xl_order": null,
      "xl_offset": null,
      "xl_ml": null,
      "xl_mr": null,
      "xxl_col": null,
      "xxl_order": null,
      "xxl_offset": null,
      "xxl_ml": null,
      "xxl_mr": null
    }
  }
},
{
  "model": "djangocms_frontend.frontenduiitem",
  "pk": 531,
  "fields": {
    "cmsplugin_ptr": 531,
    "ui_item": "GridRow",
    "tag_type": "div",
    "config": {
      "vertical_alignment": "",
      "horizontal_alignment": "",
      "gutters": "",
      "attributes": {},
      "row_cols_xs": null,
      "row_cols_sm": null,
      "row_cols_md": null,
      "row_cols_lg": null,
      "row_cols_xl": null,
      "row_cols_xxl": null,
      "plugin_title": {
        "show": false,
        "title": ""
      },
      "responsive_visibility": null,
      "margin_x": "",
      "margin_y": "",
      "margin_devices": null,
      "padding_x": "",
      "padding_y": "",
      "padding_devices": null
    }
  }
},
{
  "model": "djangocms_frontend.frontenduiitem",
  "pk": 532,
  "fields": {
    "cmsplugin_ptr": 532,
    "ui_item": "GridColumn",
    "tag_type": "div",
    "config": {
      "column_alignment": null,
      "xs_col": null,
      "xs_order": null,
      "xs_offset": null,
      "xs_ml": null,
      "xs_mr": null,
      "sm_col": null,
      "sm_order": null,
      "sm_offset": null,
      "sm_ml": null,
      "sm_mr": null,
      "md_col": null,
      "md_order": null,
      "md_offset": null,
      "md_ml": null,
      "md_mr": null,
      "lg_col": null,
      "lg_order": null,
      "lg_offset": null,
      "lg_ml": null,
      "lg_mr": null,
      "xl_col": null,
      "xl_order": null,
      "xl_offset": null,
      "xl_ml": null,
      "xl_mr": null,
      "xxl_col": null,
      "xxl_order": null,
      "xxl_offset": null,
      "xxl_ml": null,
      "xxl_mr": null
    }
  }
},
{
  "model": "djangocms_frontend.frontenduiitem",
  "pk": 534,
  "fields": {
    "cmsplugin_ptr": 534,
    "ui_item": "GridColumn",
    "tag_type": "div",
    "config": {
      "column_alignment": null,
      "xs_col": null,
      "xs_order": null,
      "xs_offset": null,
      "xs_ml": null,
      "xs_mr": null,
      "sm_col": null,
      "sm_order": null,
      "sm_offset": null,
      "sm_ml": null,
      "sm_mr": null,
      "md_col": null,
      "md_order": null,
      "md_offset": null,
      "md_ml": null,
      "md_mr": null,
      "lg_col": null,
      "lg_order": null,
      "lg_offset": null,
      "lg_ml": null,
      "lg_mr": null,
      "xl_col": null,
      "xl_order": null,
      "xl_offset": null,
      "xl_ml": null,
      "xl_mr": null,
      "xxl_col": null,
      "xxl_order": null,
      "xxl_offset": null,
      "xxl_ml": null,
      "xxl_mr": null
    }
  }
},
{
  "model": "djangocms_frontend.frontenduiitem",
  "pk": 536,
  "fields": {
    "cmsplugin_ptr": 536,
    "ui_item": "GridRow",
    "tag_type": "div",
    "config": {
      "vertical_alignment": "",
      "horizontal_alignment": "",
      "gutters": "",
      "attributes": {},
      "row_cols_xs": null,
      "row_cols_sm": null,
      "row_cols_md": null,
      "row_cols_lg": null,
      "row_cols_xl": null,
      "row_cols_xxl": null,
      "plugin_title": {
        "show": false,
        "title": ""
      },
      "responsive_visibility": null,
      "margin_x": "",
      "margin_y": "",
      "margin_devices": null,
      "padding_x": "",
      "padding_y": "",
      "padding_devices": null
    }
  }
},
{
  "model": "djangocms_frontend.frontenduiitem",
  "pk": 537,
  "fields": {
    "cmsplugin_ptr": 537,
    "ui_item": "GridColumn",
    "tag_type": "div",
    "config": {
      "column_alignment": null,
      "xs_col": null,
      "xs_order": null,
      "xs_offset": null,
      "xs_ml": null,
      "xs_mr": null,
      "sm_col": null,
      "sm_order": null,
      "sm_offset": null,
      "sm_ml": null,
      "sm_mr": null,
      "md_col": null,
      "md_order": null,
      "md_offset": null,
      "md_ml": null,
      "md_mr": null,
      "lg_col": null,
      "lg_order": null,
      "lg_offset": null,
      "lg_ml": null,
      "lg_mr": null,
      "xl_col": null,
      "xl_order": null,
      "xl_offset": null,
      "xl_ml": null,
      "xl_mr": null,
      "xxl_col": null,
      "xxl_order": null,
      "xxl_offset": null,
      "xxl_ml": null,
      "xxl_mr": null
    }
  }
},
{
  "model": "djangocms_frontend.frontenduiitem",
  "pk": 539,
  "fields": {
    "cmsplugin_ptr": 539,
    "ui_item": "GridColumn",
    "tag_type": "div",
    "config": {
      "column_alignment": null,
      "xs_col": null,
      "xs_order": null,
      "xs_offset": null,
      "xs_ml": null,
      "xs_mr": null,
      "sm_col": null,
      "sm_order": null,
      "sm_offset": null,
      "sm_ml": null,
      "sm_mr": null,
      "md_col": null,
      "md_order": null,
      "md_offset": null,
      "md_ml": null,
      "md_mr": null,
      "lg_col": null,
      "lg_order": null,
      "lg_offset": null,
      "lg_ml": null,
      "lg_mr": null,
      "xl_col": null,
      "xl_order": null,
      "xl_offset": null,
      "xl_ml": null,
      "xl_mr": null,
      "xxl_col": null,
      "xxl_order": null,
      "xxl_offset": null,
      "xxl_ml": null,
      "xxl_mr": null
    }
  }
},
{
  "model": "djangocms_frontend.frontenduiitem",
  "pk": 541,
  "fields": {
    "cmsplugin_ptr": 541,
    "ui_item": "GridRow",
    "tag_type": "div",
    "config": {
      "vertical_alignment": "",
      "horizontal_alignment": "",
      "gutters": "",
      "attributes": {},
      "row_cols_xs": null,
      "row_cols_sm": null,
      "row_cols_md": null,
      "row_cols_lg": null,
      "row_cols_xl": null,
      "row_cols_xxl": null,
      "plugin_title": {
        "show": false,
        "title": ""
      },
      "responsive_visibility": null,
      "margin_x": "",
      "margin_y": "",
      "margin_devices": null,
      "padding_x": "",
      "padding_y": "",
      "padding_devices": null
    }
  }
},
{
  "model": "djangocms_frontend.frontenduiitem",
  "pk": 542,
  "fields": {
    "cmsplugin_ptr": 542,
    "ui_item": "GridColumn",
    "tag_type": "div",
    "config": {
      "column_alignment": null,
      "xs_col": null,
      "xs_order": null,
      "xs_offset": null,
      "xs_ml": null,
      "xs_mr": null,
      "sm_col": null,
      "sm_order": null,
      "sm_offset": null,
      "sm_ml": null,
      "sm_mr": null,
      "md_col": null,
      "md_order": null,
      "md_offset": null,
      "md_ml": null,
      "md_mr": null,
      "lg_col": null,
      "lg_order": null,
      "lg_offset": null,
      "lg_ml": null,
      "lg_mr": null,
      "xl_col": null,
      "xl_order": null,
      "xl_offset": null,
      "xl_ml": null,
      "xl_mr": null,
      "xxl_col": null,
      "xxl_order": null,
      "xxl_offset": null,
      "xxl_ml": null,
      "xxl_mr": null
    }
  }
},
{
  "model": "djangocms_frontend.frontenduiitem",
  "pk": 544,
  "fields": {
    "cmsplugin_ptr": 544,
    "ui_item": "GridColumn",
    "tag_type": "div",
    "config": {
      "column_alignment": null,
      "xs_col": null,
      "xs_order": null,
      "xs_offset": null,
      "xs_ml": null,
      "xs_mr": null,
      "sm_col": null,
      "sm_order": null,
      "sm_offset": null,
      "sm_ml": null,
      "sm_mr": null,
      "md_col": null,
      "md_order": null,
      "md_offset": null,
      "md_ml": null,
      "md_mr": null,
      "lg_col": null,
      "lg_order": null,
      "lg_offset": null,
      "lg_ml": null,
      "lg_mr": null,
      "xl_col": null,
      "xl_order": null,
      "xl_offset": null,
      "xl_ml": null,
      "xl_mr": null,
      "xxl_col": null,
      "xxl_order": null,
      "xxl_offset": null,
      "xxl_ml": null,
      "xxl_mr": null
    }
  }
},
{
  "model": "djangocms_frontend.frontenduiitem",
  "pk": 549,
  "fields": {
    "cmsplugin_ptr": 549,
    "ui_item": "GridRow",
    "tag_type": "div",
    "config": {
      "vertical_alignment": "",
      "horizontal_alignment": "",
      "gutters": "",
      "attributes": {},
      "row_cols_xs": null,
      "row_cols_sm": null,
      "row_cols_md": null,
      "row_cols_lg": null,
      "row_cols_xl": null,
      "row_cols_xxl": null,
      "plugin_title": {
        "show": false,
        "title": ""
      },
      "responsive_visibility": null,
      "margin_x": "",
      "margin_y": "",
      "margin_devices": null,
      "padding_x": "",
      "padding_y": "",
      "padding_devices": null
    }
  }
},
{
  "model": "djangocms_frontend.frontenduiitem",
  "pk": 550,
  "fields": {
    "cmsplugin_ptr": 550,
    "ui_item": "GridColumn",
    "tag_type": "div",
    "config": {
      "column_alignment": null,
      "xs_col": null,
      "xs_order": null,
      "xs_offset": null,
      "xs_ml": null,
      "xs_mr": null,
      "sm_col": null,
      "sm_order": null,
      "sm_offset": null,
      "sm_ml": null,
      "sm_mr": null,
      "md_col": null,
      "md_order": null,
      "md_offset": null,
      "md_ml": null,
      "md_mr": null,
      "lg_col": null,
      "lg_order": null,
      "lg_offset": null,
      "lg_ml": null,
      "lg_mr": null,
      "xl_col": null,
      "xl_order": null,
      "xl_offset": null,
      "xl_ml": null,
      "xl_mr": null,
      "xxl_col": null,
      "xxl_order": null,
      "xxl_offset": null,
      "xxl_ml": null,
      "xxl_mr": null
    }
  }
},
{
  "model": "djangocms_frontend.frontenduiitem",
  "pk": 552,
  "fields": {
    "cmsplugin_ptr": 552,
    "ui_item": "GridColumn",
    "tag_type": "div",
    "config": {
      "column_alignment": null,
      "xs_col": null,
      "xs_order": null,
      "xs_offset": null,
      "xs_ml": null,
      "xs_mr": null,
      "sm_col": null,
      "sm_order": null,
      "sm_offset": null,
      "sm_ml": null,
      "sm_mr": null,
      "md_col": null,
      "md_order": null,
      "md_offset": null,
      "md_ml": null,
      "md_mr": null,
      "lg_col": null,
      "lg_order": null,
      "lg_offset": null,
      "lg_ml": null,
      "lg_mr": null,
      "xl_col": null,
      "xl_order": null,
      "xl_offset": null,
      "xl_ml": null,
      "xl_mr": null,
      "xxl_col": null,
      "xxl_order": null,
      "xxl_offset": null,
      "xxl_ml": null,
      "xxl_mr": null
    }
  }
},
{
  "model": "djangocms_frontend.frontenduiitem",
  "pk": 554,
  "fields": {
    "cmsplugin_ptr": 554,
    "ui_item": "GridRow",
    "tag_type": "div",
    "config": {
      "vertical_alignment": "",
      "horizontal_alignment": "",
      "gutters": "",
      "attributes": {},
      "row_cols_xs": null,
      "row_cols_sm": null,
      "row_cols_md": null,
      "row_cols_lg": null,
      "row_cols_xl": null,
      "row_cols_xxl": null,
      "plugin_title": {
        "show": false,
        "title": "Family name"
      },
      "responsive_visibility": null,
      "margin_x": "",
      "margin_y": "",
      "margin_devices": null,
      "padding_x": "",
      "padding_y": "",
      "padding_devices": null
    }
  }
},
{
  "model": "djangocms_frontend.frontenduiitem",
  "pk": 555,
  "fields": {
    "cmsplugin_ptr": 555,
    "ui_item": "GridColumn",
    "tag_type": "div",
    "config": {
      "column_alignment": null,
      "xs_col": null,
      "xs_order": null,
      "xs_offset": null,
      "xs_ml": null,
      "xs_mr": null,
      "sm_col": null,
      "sm_order": null,
      "sm_offset": null,
      "sm_ml": null,
      "sm_mr": null,
      "md_col": null,
      "md_order": null,
      "md_offset": null,
      "md_ml": null,
      "md_mr": null,
      "lg_col": null,
      "lg_order": null,
      "lg_offset": null,
      "lg_ml": null,
      "lg_mr": null,
      "xl_col": null,
      "xl_order": null,
      "xl_offset": null,
      "xl_ml": null,
      "xl_mr": null,
      "xxl_col": null,
      "xxl_order": null,
      "xxl_offset": null,
      "xxl_ml": null,
      "xxl_mr": null
    }
  }
},
{
  "model": "djangocms_frontend.frontenduiitem",
  "pk": 557,
  "fields": {
    "cmsplugin_ptr": 557,
    "ui_item": "GridColumn",
    "tag_type": "div",
    "config": {
      "column_alignment": null,
      "xs_col": null,
      "xs_order": null,
      "xs_offset": null,
      "xs_ml": null,
      "xs_mr": null,
      "sm_col": null,
      "sm_order": null,
      "sm_offset": null,
      "sm_ml": null,
      "sm_mr": null,
      "md_col": null,
      "md_order": null,
      "md_offset": null,
      "md_ml": null,
      "md_mr": null,
      "lg_col": null,
      "lg_order": null,
      "lg_offset": null,
      "lg_ml": null,
      "lg_mr": null,
      "xl_col": null,
      "xl_order": null,
      "xl_offset": null,
      "xl_ml": null,
      "xl_mr": null,
      "xxl_col": null,
      "xxl_order": null,
      "xxl_offset": null,
      "xxl_ml": null,
      "xxl_mr": null
    }
  }
},
{
  "model": "djangocms_frontend.frontenduiitem",
  "pk": 559,
  "fields": {
    "cmsplugin_ptr": 559,
    "ui_item": "GridRow",
    "tag_type": "div",
    "config": {
      "vertical_alignment": "",
      "horizontal_alignment": "",
      "gutters": "",
      "attributes": {},
      "row_cols_xs": null,
      "row_cols_sm": null,
      "row_cols_md": null,
      "row_cols_lg": null,
      "row_cols_xl": null,
      "row_cols_xxl": null,
      "plugin_title": {
        "show": false,
        "title": "Email"
      },
      "responsive_visibility": null,
      "margin_x": "",
      "margin_y": "",
      "margin_devices": null,
      "padding_x": "",
      "padding_y": "",
      "padding_devices": null
    }
  }
},
{
  "model": "djangocms_frontend.frontenduiitem",
  "pk": 560,
  "fields": {
    "cmsplugin_ptr": 560,
    "ui_item": "GridColumn",
    "tag_type": "div",
    "config": {
      "column_alignment": null,
      "xs_col": null,
      "xs_order": null,
      "xs_offset": null,
      "xs_ml": null,
      "xs_mr": null,
      "sm_col": null,
      "sm_order": null,
      "sm_offset": null,
      "sm_ml": null,
      "sm_mr": null,
      "md_col": null,
      "md_order": null,
      "md_offset": null,
      "md_ml": null,
      "md_mr": null,
      "lg_col": null,
      "lg_order": null,
      "lg_offset": null,
      "lg_ml": null,
      "lg_mr": null,
      "xl_col": null,
      "xl_order": null,
      "xl_offset": null,
      "xl_ml": null,
      "xl_mr": null,
      "xxl_col": null,
      "xxl_order": null,
      "xxl_offset": null,
      "xxl_ml": null,
      "xxl_mr": null
    }
  }
},
{
  "model": "djangocms_frontend.frontenduiitem",
  "pk": 562,
  "fields": {
    "cmsplugin_ptr": 562,
    "ui_item": "GridColumn",
    "tag_type": "div",
    "config": {
      "column_alignment": null,
      "xs_col": null,
      "xs_order": null,
      "xs_offset": null,
      "xs_ml": null,
      "xs_mr": null,
      "sm_col": null,
      "sm_order": null,
      "sm_offset": null,
      "sm_ml": null,
      "sm_mr": null,
      "md_col": null,
      "md_order": null,
      "md_offset": null,
      "md_ml": null,
      "md_mr": null,
      "lg_col": null,
      "lg_order": null,
      "lg_offset": null,
      "lg_ml": null,
      "lg_mr": null,
      "xl_col": null,
      "xl_order": null,
      "xl_offset": null,
      "xl_ml": null,
      "xl_mr": null,
      "xxl_col": null,
      "xxl_order": null,
      "xxl_offset": null,
      "xxl_ml": null,
      "xxl_mr": null
    }
  }
},
{
  "model": "djangocms_frontend.frontenduiitem",
  "pk": 564,
  "fields": {
    "cmsplugin_ptr": 564,
    "ui_item": "GridRow",
    "tag_type": "div",
    "config": {
      "vertical_alignment": "",
      "horizontal_alignment": "",
      "gutters": "",
      "attributes": {},
      "row_cols_xs": null,
      "row_cols_sm": null,
      "row_cols_md": null,
      "row_cols_lg": null,
      "row_cols_xl": null,
      "row_cols_xxl": null,
      "plugin_title": {
        "show": false,
        "title": "Phone"
      },
      "responsive_visibility": null,
      "margin_x": "",
      "margin_y": "",
      "margin_devices": null,
      "padding_x": "",
      "padding_y": "",
      "padding_devices": null
    }
  }
},
{
  "model": "djangocms_frontend.frontenduiitem",
  "pk": 565,
  "fields": {
    "cmsplugin_ptr": 565,
    "ui_item": "GridColumn",
    "tag_type": "div",
    "config": {
      "column_alignment": null,
      "xs_col": null,
      "xs_order": null,
      "xs_offset": null,
      "xs_ml": null,
      "xs_mr": null,
      "sm_col": null,
      "sm_order": null,
      "sm_offset": null,
      "sm_ml": null,
      "sm_mr": null,
      "md_col": null,
      "md_order": null,
      "md_offset": null,
      "md_ml": null,
      "md_mr": null,
      "lg_col": null,
      "lg_order": null,
      "lg_offset": null,
      "lg_ml": null,
      "lg_mr": null,
      "xl_col": null,
      "xl_order": null,
      "xl_offset": null,
      "xl_ml": null,
      "xl_mr": null,
      "xxl_col": null,
      "xxl_order": null,
      "xxl_offset": null,
      "xxl_ml": null,
      "xxl_mr": null
    }
  }
},
{
  "model": "djangocms_frontend.frontenduiitem",
  "pk": 567,
  "fields": {
    "cmsplugin_ptr": 567,
    "ui_item": "GridColumn",
    "tag_type": "div",
    "config": {
      "column_alignment": null,
      "xs_col": null,
      "xs_order": null,
      "xs_offset": null,
      "xs_ml": null,
      "xs_mr": null,
      "sm_col": null,
      "sm_order": null,
      "sm_offset": null,
      "sm_ml": null,
      "sm_mr": null,
      "md_col": null,
      "md_order": null,
      "md_offset": null,
      "md_ml": null,
      "md_mr": null,
      "lg_col": null,
      "lg_order": null,
      "lg_offset": null,
      "lg_ml": null,
      "lg_mr": null,
      "xl_col": null,
      "xl_order": null,
      "xl_offset": null,
      "xl_ml": null,
      "xl_mr": null,
      "xxl_col": null,
      "xxl_order": null,
      "xxl_offset": null,
      "xxl_ml": null,
      "xxl_mr": null
    }
  }
},
{
  "model": "djangocms_frontend.frontenduiitem",
  "pk": 569,
  "fields": {
    "cmsplugin_ptr": 569,
    "ui_item": "GridContainer",
    "tag_type": "div",
    "config": {
      "container_type": "container",
      "attributes": {},
      "plugin_title": {
        "show": false,
        "title": ""
      },
      "background_context": "",
      "background_opacity": "100",
      "background_shadow": "",
      "responsive_visibility": null,
      "margin_x": "",
      "margin_y": "mt-4",
      "margin_devices": null,
      "padding_x": "",
      "padding_y": "",
      "padding_devices": null,
      "size_x": "auto",
      "size_y": "75"
    }
  }
},
{
  "model": "djangocms_frontend.frontenduiitem",
  "pk": 572,
  "fields": {
    "cmsplugin_ptr": 572,
    "ui_item": "Alert",
    "tag_type": "div",
    "config": {
      "alert_context": "success",
      "alert_dismissible": false,
      "attributes": {},
      "alert_shadow": "",
      "responsive_visibility": null,
      "margin_x": "",
      "margin_y": "",
      "margin_devices": null,
      "padding_x": "",
      "padding_y": "",
      "padding_devices": null
    }
  }
},
{
  "model": "djangocms_frontend.frontenduiitem",
  "pk": 575,
  "fields": {
    "cmsplugin_ptr": 575,
    "ui_item": "GridContainer",
    "tag_type": "div",
    "config": {
      "container_type": "container",
      "attributes": {},
      "plugin_title": {
        "show": false,
        "title": ""
      },
      "background_context": "",
      "background_opacity": "100",
      "background_shadow": "",
      "responsive_visibility": null,
      "margin_x": "",
      "margin_y": "mt-4",
      "margin_devices": null,
      "padding_x": "",
      "padding_y": "",
      "padding_devices": null,
      "size_x": "auto",
      "size_y": "75"
    }
  }
},
{
  "model": "djangocms_frontend.frontenduiitem",
  "pk": 577,
  "fields": {
    "cmsplugin_ptr": 577,
    "ui_item": "Alert",
    "tag_type": "div",
    "config": {
      "alert_context": "warning",
      "alert_dismissible": false,
      "attributes": {},
      "alert_shadow": "",
      "responsive_visibility": null,
      "margin_x": "",
      "margin_y": "",
      "margin_devices": null,
      "padding_x": "",
      "padding_y": "",
      "padding_devices": null
    }
  }
},
{
  "model": "djangocms_oidc.oidcregisterconsumer",
  "pk": 3,
  "fields": {
    "cmsplugin_ptr": 3,
    "name": "MojeID Test",
    "register_url": "https://mojeid.regtest.nic.cz/oidc/registration/"
  }
},
{
  "model": "djangocms_oidc.oidcprovider",
  "pk": 4,
  "fields": {
    "cmsplugin_ptr": 4,
    "name": "MojeID Test",
    "slug": "mojeid",
    "client_id": null,
    "client_secret": null,
    "register_consumer": 3,
    "authorization_endpoint": "https://mojeid.regtest.nic.cz/oidc/authorization/",
    "token_endpoint": "https://mojeid.regtest.nic.cz/oidc/token/",
    "user_endpoint": "https://mojeid.regtest.nic.cz/oidc/userinfo/",
    "account_url": "https://mojeid.regtest.nic.cz/editor/",
    "logout_url": "https://mojeid.regtest.nic.cz/logout/"
  }
},
{
  "model": "djangocms_oidc.oidchandoverdata",
  "pk": 6,
  "fields": {
    "cmsplugin_ptr": 6,
    "provider": 4,
    "button_label": "Data handover via MojeID",
    "claims": {
      "userinfo": {
        "openid2_id": {
          "essential": true
        },
        "preferred_username": {
          "essential": false
        },
        "updated_at": {
          "essential": false
        },
        "name": {
          "essential": false
        },
        "given_name": {
          "essential": true
        },
        "family_name": {
          "essential": true
        },
        "mojeid_address_def_street": {
          "essential": true
        },
        "mojeid_address_def_city": {
          "essential": true
        },
        "mojeid_address_def_postal_code": {
          "essential": true
        },
        "mojeid_address_def_country": {
          "essential": true
        },
        "middle_name": {
          "essential": false
        },
        "nickname": {
          "essential": false
        },
        "address": {
          "essential": true
        },
        "birthdate": {
          "essential": false
        },
        "profile": {
          "essential": false
        },
        "locale": {
          "essential": false
        },
        "picture": {
          "essential": false
        },
        "gender": {
          "essential": false
        },
        "sub": {
          "essential": false
        },
        "zoneinfo": {
          "essential": false
        },
        "email": {
          "essential": true
        },
        "email_verified": {
          "essential": true
        },
        "phone_number": {
          "essential": true
        },
        "phone_number_verified": {
          "essential": true
        },
        "website": {
          "essential": false
        }
      }
    },
    "insist_on_required_claims": false,
    "verified_by": "name given_name+family_name preferred_username nickname email openid2_id",
    "redirect_page": 1,
    "authorization_prompt": ""
  }
},
{
  "model": "djangocms_oidc.oidchandoverdata",
  "pk": 435,
  "fields": {
    "cmsplugin_ptr": 435,
    "provider": 4,
    "button_label": "Debug response of data handover via MojeID",
    "claims": {
      "userinfo": {
        "openid2_id": {
          "essential": true
        },
        "preferred_username": {
          "essential": false
        },
        "updated_at": {
          "essential": false
        },
        "name": {
          "essential": false
        },
        "given_name": {
          "essential": true
        },
        "family_name": {
          "essential": true
        },
        "mojeid_address_def_street": {
          "essential": true
        },
        "mojeid_address_def_city": {
          "essential": true
        },
        "mojeid_address_def_postal_code": {
          "essential": true
        },
        "mojeid_address_def_country": {
          "essential": true
        },
        "middle_name": {
          "essential": false
        },
        "nickname": {
          "essential": false
        },
        "address": {
          "essential": true
        },
        "birthdate": {
          "essential": false
        },
        "profile": {
          "essential": false
        },
        "locale": {
          "essential": false
        },
        "picture": {
          "essential": false
        },
        "gender": {
          "essential": false
        },
        "sub": {
          "essential": false
        },
        "zoneinfo": {
          "essential": false
        },
        "email": {
          "essential": true
        },
        "email_verified": {
          "essential": true
        },
        "phone_number": {
          "essential": true
        },
        "phone_number_verified": {
          "essential": true
        },
        "website": {
          "essential": false
        }
      },
      "debug_response": true
    },
    "insist_on_required_claims": false,
    "verified_by": "name given_name+family_name preferred_username nickname email openid2_id",
    "redirect_page": 1,
    "authorization_prompt": ""
  }
},
{
  "model": "djangocms_oidc.oidchandoverdata",
  "pk": 520,
  "fields": {
    "cmsplugin_ptr": 520,
    "provider": 4,
    "button_label": "Data handover via MojeID",
    "claims": {
      "userinfo": {
        "openid2_id": {
          "essential": true
        },
        "preferred_username": {
          "essential": false
        },
        "updated_at": {
          "essential": false
        },
        "name": {
          "essential": false
        },
        "given_name": {
          "essential": true
        },
        "family_name": {
          "essential": true
        },
        "mojeid_address_def_street": {
          "essential": true
        },
        "mojeid_address_def_city": {
          "essential": true
        },
        "mojeid_address_def_postal_code": {
          "essential": true
        },
        "mojeid_address_def_country": {
          "essential": true
        },
        "middle_name": {
          "essential": false
        },
        "nickname": {
          "essential": false
        },
        "address": {
          "essential": true
        },
        "birthdate": {
          "essential": false
        },
        "profile": {
          "essential": false
        },
        "locale": {
          "essential": false
        },
        "picture": {
          "essential": false
        },
        "gender": {
          "essential": false
        },
        "sub": {
          "essential": false
        },
        "zoneinfo": {
          "essential": false
        },
        "email": {
          "essential": true
        },
        "email_verified": {
          "essential": true
        },
        "phone_number": {
          "essential": true
        },
        "phone_number_verified": {
          "essential": true
        },
        "website": {
          "essential": false
        }
      }
    },
    "insist_on_required_claims": false,
    "verified_by": "name given_name+family_name preferred_username nickname email openid2_id",
    "redirect_page": 1,
    "authorization_prompt": ""
  }
},
{
  "model": "djangocms_oidc.oidchandoverdata",
  "pk": 578,
  "fields": {
    "cmsplugin_ptr": 578,
    "provider": 4,
    "button_label": "Debug response of data handover via MojeID",
    "claims": {
      "userinfo": {
        "openid2_id": {
          "essential": true
        },
        "preferred_username": {
          "essential": false
        },
        "updated_at": {
          "essential": false
        },
        "name": {
          "essential": false
        },
        "given_name": {
          "essential": true
        },
        "family_name": {
          "essential": true
        },
        "mojeid_address_def_street": {
          "essential": true
        },
        "mojeid_address_def_city": {
          "essential": true
        },
        "mojeid_address_def_postal_code": {
          "essential": true
        },
        "mojeid_address_def_country": {
          "essential": true
        },
        "middle_name": {
          "essential": false
        },
        "nickname": {
          "essential": false
        },
        "address": {
          "essential": true
        },
        "birthdate": {
          "essential": false
        },
        "profile": {
          "essential": false
        },
        "locale": {
          "essential": false
        },
        "picture": {
          "essential": false
        },
        "gender": {
          "essential": false
        },
        "sub": {
          "essential": false
        },
        "zoneinfo": {
          "essential": false
        },
        "email": {
          "essential": true
        },
        "email_verified": {
          "essential": true
        },
        "phone_number": {
          "essential": true
        },
        "phone_number_verified": {
          "essential": true
        },
        "website": {
          "essential": false
        }
      },
      "debug_response": true
    },
    "insist_on_required_claims": false,
    "verified_by": "name given_name+family_name preferred_username nickname email openid2_id",
    "redirect_page": 1,
    "authorization_prompt": ""
  }
},
{
  "model": "djangocms_oidc.oidclogin",
  "pk": 446,
  "fields": {
    "cmsplugin_ptr": 446,
    "provider": 4,
    "button_label": "Login via MojeID",
    "claims": {
      "userinfo": {
        "openid2_id": {
          "essential": true
        },
        "preferred_username": {
          "essential": false
        },
        "updated_at": {
          "essential": false
        },
        "name": {
          "essential": false
        },
        "given_name": {
          "essential": true
        },
        "family_name": {
          "essential": true
        },
        "mojeid_address_def_street": {
          "essential": true
        },
        "mojeid_address_def_city": {
          "essential": true
        },
        "mojeid_address_def_postal_code": {
          "essential": true
        },
        "mojeid_address_def_country": {
          "essential": true
        },
        "middle_name": {
          "essential": false
        },
        "nickname": {
          "essential": false
        },
        "address": {
          "essential": true
        },
        "birthdate": {
          "essential": false
        },
        "profile": {
          "essential": false
        },
        "locale": {
          "essential": false
        },
        "picture": {
          "essential": false
        },
        "gender": {
          "essential": false
        },
        "sub": {
          "essential": false
        },
        "zoneinfo": {
          "essential": false
        },
        "email": {
          "essential": true
        },
        "email_verified": {
          "essential": true
        },
        "phone_number": {
          "essential": true
        },
        "phone_number_verified": {
          "essential": true
        },
        "website": {
          "essential": false
        }
      }
    },
    "insist_on_required_claims": true,
    "verified_by": "name given_name+family_name preferred_username nickname email openid2_id",
    "redirect_page": 1,
    "authorization_prompt": "",
    "no_new_user": false
  }
},
{
  "model": "djangocms_oidc.oidclogin",
  "pk": 448,
  "fields": {
    "cmsplugin_ptr": 448,
    "provider": 4,
    "button_label": "Login via MojeID",
    "claims": {
      "userinfo": {
        "openid2_id": {
          "essential": true
        },
        "preferred_username": {
          "essential": false
        },
        "updated_at": {
          "essential": false
        },
        "name": {
          "essential": false
        },
        "given_name": {
          "essential": true
        },
        "family_name": {
          "essential": true
        },
        "mojeid_address_def_street": {
          "essential": true
        },
        "mojeid_address_def_city": {
          "essential": true
        },
        "mojeid_address_def_postal_code": {
          "essential": true
        },
        "mojeid_address_def_country": {
          "essential": true
        },
        "middle_name": {
          "essential": false
        },
        "nickname": {
          "essential": false
        },
        "address": {
          "essential": true
        },
        "birthdate": {
          "essential": false
        },
        "profile": {
          "essential": false
        },
        "locale": {
          "essential": false
        },
        "picture": {
          "essential": false
        },
        "gender": {
          "essential": false
        },
        "sub": {
          "essential": false
        },
        "zoneinfo": {
          "essential": false
        },
        "email": {
          "essential": true
        },
        "email_verified": {
          "essential": true
        },
        "phone_number": {
          "essential": true
        },
        "phone_number_verified": {
          "essential": true
        },
        "website": {
          "essential": false
        }
      }
    },
    "insist_on_required_claims": true,
    "verified_by": "name given_name+family_name preferred_username nickname email openid2_id",
    "redirect_page": 1,
    "authorization_prompt": "",
    "no_new_user": false
  }
},
{
  "model": "djangocms_oidc.oidclogin",
  "pk": 573,
  "fields": {
    "cmsplugin_ptr": 573,
    "provider": 4,
    "button_label": "Login via MojeID",
    "claims": {
      "userinfo": {
        "openid2_id": {
          "essential": true
        },
        "preferred_username": {
          "essential": false
        },
        "updated_at": {
          "essential": false
        },
        "name": {
          "essential": false
        },
        "given_name": {
          "essential": true
        },
        "family_name": {
          "essential": true
        },
        "mojeid_address_def_street": {
          "essential": true
        },
        "mojeid_address_def_city": {
          "essential": true
        },
        "mojeid_address_def_postal_code": {
          "essential": true
        },
        "mojeid_address_def_country": {
          "essential": true
        },
        "middle_name": {
          "essential": false
        },
        "nickname": {
          "essential": false
        },
        "address": {
          "essential": true
        },
        "birthdate": {
          "essential": false
        },
        "profile": {
          "essential": false
        },
        "locale": {
          "essential": false
        },
        "picture": {
          "essential": false
        },
        "gender": {
          "essential": false
        },
        "sub": {
          "essential": false
        },
        "zoneinfo": {
          "essential": false
        },
        "email": {
          "essential": true
        },
        "email_verified": {
          "essential": true
        },
        "phone_number": {
          "essential": true
        },
        "phone_number_verified": {
          "essential": true
        },
        "website": {
          "essential": false
        }
      }
    },
    "insist_on_required_claims": true,
    "verified_by": "name given_name+family_name preferred_username nickname email openid2_id",
    "redirect_page": 1,
    "authorization_prompt": "",
    "no_new_user": false
  }
},
{
  "model": "djangocms_oidc.oidcdisplaydedicatedcontent",
  "pk": 11,
  "fields": {
    "cmsplugin_ptr": 11,
    "conditions": "email_verified"
  }
},
{
  "model": "djangocms_oidc.oidcdisplaydedicatedcontent",
  "pk": 521,
  "fields": {
    "cmsplugin_ptr": 521,
    "conditions": "email_verified"
  }
},
{
  "model": "djangocms_oidc.oidcshowattribute",
  "pk": 15,
  "fields": {
    "cmsplugin_ptr": 15,
    "verified_by": "given_name",
    "default_value": null,
    "css_names": null
  }
},
{
  "model": "djangocms_oidc.oidcshowattribute",
  "pk": 29,
  "fields": {
    "cmsplugin_ptr": 29,
    "verified_by": "family_name",
    "default_value": null,
    "css_names": null
  }
},
{
  "model": "djangocms_oidc.oidcshowattribute",
  "pk": 40,
  "fields": {
    "cmsplugin_ptr": 40,
    "verified_by": "mojeid_address_def_street",
    "default_value": null,
    "css_names": null
  }
},
{
  "model": "djangocms_oidc.oidcshowattribute",
  "pk": 45,
  "fields": {
    "cmsplugin_ptr": 45,
    "verified_by": "mojeid_address_def_city",
    "default_value": null,
    "css_names": null
  }
},
{
  "model": "djangocms_oidc.oidcshowattribute",
  "pk": 50,
  "fields": {
    "cmsplugin_ptr": 50,
    "verified_by": "mojeid_address_def_postal_code",
    "default_value": null,
    "css_names": null
  }
},
{
  "model": "djangocms_oidc.oidcshowattribute",
  "pk": 56,
  "fields": {
    "cmsplugin_ptr": 56,
    "verified_by": "mojeid_address_def_country",
    "default_value": null,
    "css_names": null
  }
},
{
  "model": "djangocms_oidc.oidcshowattribute",
  "pk": 530,
  "fields": {
    "cmsplugin_ptr": 530,
    "verified_by": "mojeid_address_def_street",
    "default_value": null,
    "css_names": null
  }
},
{
  "model": "djangocms_oidc.oidcshowattribute",
  "pk": 535,
  "fields": {
    "cmsplugin_ptr": 535,
    "verified_by": "mojeid_address_def_city",
    "default_value": null,
    "css_names": null
  }
},
{
  "model": "djangocms_oidc.oidcshowattribute",
  "pk": 540,
  "fields": {
    "cmsplugin_ptr": 540,
    "verified_by": "mojeid_address_def_postal_code",
    "default_value": null,
    "css_names": null
  }
},
{
  "model": "djangocms_oidc.oidcshowattribute",
  "pk": 545,
  "fields": {
    "cmsplugin_ptr": 545,
    "verified_by": "mojeid_address_def_country",
    "default_value": null,
    "css_names": null
  }
},
{
  "model": "djangocms_oidc.oidcshowattribute",
  "pk": 553,
  "fields": {
    "cmsplugin_ptr": 553,
    "verified_by": "given_name",
    "default_value": null,
    "css_names": null
  }
},
{
  "model": "djangocms_oidc.oidcshowattribute",
  "pk": 558,
  "fields": {
    "cmsplugin_ptr": 558,
    "verified_by": "family_name",
    "default_value": null,
    "css_names": null
  }
},
{
  "model": "aldryn_forms.formplugin",
  "pk": 369,
  "fields": {
    "name": "User data",
    "error_message": "",
    "success_message": "",
    "redirect_type": "",
    "url": null,
    "custom_classes": "",
    "form_template": "aldryn_forms/form.html",
    "action_backend": "none",
    "form_attributes": {},
    "redirect_page": null,
    "is_enable_autofill_from_url_params": false,
    "cmsplugin_ptr": 369,
    "recipients": []
  }
},
{
  "model": "aldryn_forms.formplugin",
  "pk": 548,
  "fields": {
    "name": "User data",
    "error_message": "",
    "success_message": "",
    "redirect_type": "",
    "url": null,
    "custom_classes": "",
    "form_template": "aldryn_forms/form.html",
    "action_backend": "none",
    "form_attributes": {},
    "redirect_page": null,
    "is_enable_autofill_from_url_params": false,
    "cmsplugin_ptr": 548,
    "recipients": []
  }
},
{
  "model": "djangocms_oidc_form_fields.oidcfieldplugin",
  "pk": 310,
  "fields": {
    "name": "",
    "label": "",
    "required": false,
    "required_message": "",
    "placeholder_text": "",
    "help_text": "",
    "attributes": {},
    "min_value": null,
    "max_value": null,
    "initial_value": "",
    "custom_classes": "",
    "cmsplugin_ptr": 310,
    "unmodifiable": true,
    "oidc_attributes": "phone_number"
  }
},
{
  "model": "djangocms_oidc_form_fields.oidcfieldplugin",
  "pk": 568,
  "fields": {
    "name": "",
    "label": "",
    "required": false,
    "required_message": "",
    "placeholder_text": "",
    "help_text": "",
    "attributes": {},
    "min_value": null,
    "max_value": null,
    "initial_value": "",
    "custom_classes": "",
    "cmsplugin_ptr": 568,
    "unmodifiable": true,
    "oidc_attributes": "phone_number"
  }
},
{
  "model": "djangocms_oidc_form_fields.oidcemailfieldplugin",
  "pk": 252,
  "fields": {
    "name": "",
    "label": "",
    "required": false,
    "required_message": "",
    "placeholder_text": "",
    "help_text": "",
    "attributes": {},
    "min_value": null,
    "max_value": null,
    "initial_value": "",
    "custom_classes": "",
    "cmsplugin_ptr": 252,
    "unmodifiable": true,
    "oidc_attributes": "email",
    "email_send_notification": false,
    "email_subject": "",
    "email_body": ""
  }
},
{
  "model": "djangocms_oidc_form_fields.oidcemailfieldplugin",
  "pk": 563,
  "fields": {
    "name": "",
    "label": "",
    "required": false,
    "required_message": "",
    "placeholder_text": "",
    "help_text": "",
    "attributes": {},
    "min_value": null,
    "max_value": null,
    "initial_value": "",
    "custom_classes": "",
    "cmsplugin_ptr": 563,
    "unmodifiable": true,
    "oidc_attributes": "email",
    "email_send_notification": false,
    "email_subject": "",
    "email_body": ""
  }
}
]
